-- phpMyAdmin SQL Dump
-- version 4.9.7
-- https://www.phpmyadmin.net/
--
-- Servidor: localhost:3306
-- Tiempo de generación: 16-08-2022 a las 17:19:39
-- Versión del servidor: 5.7.39
-- Versión de PHP: 7.4.30

SET SQL_MODE = "NO_AUTO_VALUE_ON_ZERO";
SET AUTOCOMMIT = 0;
START TRANSACTION;
SET time_zone = "+00:00";


/*!40101 SET @OLD_CHARACTER_SET_CLIENT=@@CHARACTER_SET_CLIENT */;
/*!40101 SET @OLD_CHARACTER_SET_RESULTS=@@CHARACTER_SET_RESULTS */;
/*!40101 SET @OLD_COLLATION_CONNECTION=@@COLLATION_CONNECTION */;
/*!40101 SET NAMES utf8mb4 */;

--
-- Base de datos: `sigefac_soporteycobranza_alejandro`
--

-- --------------------------------------------------------

--
-- Estructura de tabla para la tabla `agendar_instalaciones`
--

CREATE TABLE `agendar_instalaciones` (
  `id` int(11) NOT NULL,
  `titulo` varchar(120) NOT NULL,
  `asesor` varchar(50) DEFAULT NULL,
  `tipo_sistema` varchar(50) NOT NULL,
  `dominio_pos` varchar(100) DEFAULT NULL,
  `dominio_factura` varchar(100) DEFAULT NULL,
  `dominio_rest_web` varchar(100) DEFAULT NULL,
  `cliente` varchar(120) DEFAULT NULL,
  `dni` varchar(8) DEFAULT NULL,
  `razon_social` varchar(120) DEFAULT NULL,
  `nombre_comercial` varchar(120) DEFAULT NULL,
  `ruc` varchar(11) DEFAULT NULL,
  `tipo_negocio` varchar(120) DEFAULT NULL,
  `celular` varchar(50) DEFAULT NULL,
  `telefono` varchar(50) DEFAULT NULL,
  `correo` varchar(100) DEFAULT NULL,
  `direccion_fiscal` text,
  `serie_comprobante` text,
  `especificacion` text,
  `observacion` text,
  `persona_contacto` varchar(100) DEFAULT NULL,
  `celular_contacto` varchar(13) DEFAULT NULL,
  `equip_caja_prin` varchar(50) DEFAULT NULL,
  `equipo_cocina` varchar(50) DEFAULT NULL,
  `equipo_bar` varchar(50) DEFAULT NULL,
  `total_impresoras` varchar(2) DEFAULT NULL,
  `usuario_sol` varchar(50) DEFAULT NULL,
  `clave_sol` varchar(50) DEFAULT NULL,
  `clave_cdt` varchar(50) DEFAULT NULL,
  `usuario_sec` varchar(50) DEFAULT NULL,
  `clave_sec` varchar(50) DEFAULT NULL,
  `logo_1` varchar(150) DEFAULT NULL,
  `logo_2` varchar(150) DEFAULT NULL,
  `cdt` varchar(150) DEFAULT NULL,
  `fecha_instalacion` date DEFAULT NULL,
  `fecha_registro` date DEFAULT NULL,
  `usuario_registra` int(11) DEFAULT NULL,
  `fecha_realizado` date DEFAULT NULL,
  `usuario_realiza` int(11) DEFAULT NULL,
  `msj_final` text,
  `motivoRechazo` text,
  `estado` varchar(50) NOT NULL DEFAULT 'por_revisar'
) ENGINE=InnoDB DEFAULT CHARSET=utf8;

--
-- Volcado de datos para la tabla `agendar_instalaciones`
--

INSERT INTO `agendar_instalaciones` (`id`, `titulo`, `asesor`, `tipo_sistema`, `dominio_pos`, `dominio_factura`, `dominio_rest_web`, `cliente`, `dni`, `razon_social`, `nombre_comercial`, `ruc`, `tipo_negocio`, `celular`, `telefono`, `correo`, `direccion_fiscal`, `serie_comprobante`, `especificacion`, `observacion`, `persona_contacto`, `celular_contacto`, `equip_caja_prin`, `equipo_cocina`, `equipo_bar`, `total_impresoras`, `usuario_sol`, `clave_sol`, `clave_cdt`, `usuario_sec`, `clave_sec`, `logo_1`, `logo_2`, `cdt`, `fecha_instalacion`, `fecha_registro`, `usuario_registra`, `fecha_realizado`, `usuario_realiza`, `msj_final`, `motivoRechazo`, `estado`) VALUES
(1, 'FACTURACIÓN ELECTRÓNICA', 'KARI', '2', '', 'facturaestrelladelmar.sigefac.com', '', 'ANCCASI TORRES MILTON CESAR', '43247232', 'ANCCASI TORRES MILTON CESAR', 'ESTRELLA DEL MAR', '10432472324', 'RESTAURANT CEVICHERIA', '936 531 634   /   987 673 105', '', '', '(0000) => JR. ANDAHUAYLAS NRO. 1122 DPTO. 201 - LIMA - LIMA - LIMA\r\n(0001) => AV. JAIME BAUSATE Y MESA NRO. 1694 - URB. EL PORVENIR  - LIMA - LIMA - LIMA', '(0000) => TICKET: TK01   /   BOLETA: B001   /   FACTURA: F001 \r\n(0001) => TICKET: TK02   /   BOLETA: B002   /   FACTURA: F002', 'EN BUSQUEDA DE DNI Y RUC 10 DEBE IR POR DEFECTO: LIMA - LIMA\r\nCLIENTE TIENE IGV', '* SISTEMA DE FACTURACIÓN ELECTRÓNICA\r\n* IMPRESIÓN FORMATO A4 Y TICKET (Ambos)', '', '', '', '', '', '', 'SIGEFAC', 'EFECTIVAsac7', 'este', 'es', 'aly', 'alejandro2acb7841-34ed-426d-a084-9b917151bdbc.jpg', '', 'CERTIFICADO-324F8845D23D5DBD5936AF44FE8C6C7DEF172F12.pfx', '2022-07-08', '2022-07-01', 93, '2022-07-08', 93, 'ESTO\r\nES UN MENSAJE DE PRUEBA\r\nCOSA QUE PASARA SI O SI', NULL, 'realizado'),
(2, 'FACTURACIÓN ELECTRÓNICA', 'ROCIO', '2', '', 'facturaestrelladelmar.sigefac.com', '', 'ANCCASI TORRES MILTON CESAR', '43247232', 'ANCCASI TORRES MILTON CESAR', 'ESTRELLA DEL MAR', '10432472324', 'RESTAURANT CEVICHERIA', '936 531 634   /   987 673 105', '', '', '(0000) => JR. ANDAHUAYLAS NRO. 1122 DPTO. 201 - LIMA - LIMA - LIMA', '(0000) => TICKET: TK01   /   BOLETA: B001   /   FACTURA: F001 ', '1. EN BUSQUEDA DE DNI Y RUC 10 DEBE IR POR DEFECTO: LIMA - LIMA\r\n2. CLIENTE TIENE IGV', '* SISTEMA DE FACTURACIÓN ELECTRÓNICA\r\n* IMPRESIÓN FORMATO A4 Y TICKET (Ambos)', '\r\n		', '', '', '', '', '', 'SIGEFAC', 'asdasdasd', 'FactSigefac1', 'CHINITA1', 'FactSigefac1', 'alejandro2acb7841-34ed-426d-a084-9b917151bdbc.jpg', '', 'CERTIFICADO-4198B8B79602B8331FE902FAEB4F337530B7C9AF.pfx', '2022-07-08', '2022-07-01', 94, NULL, NULL, NULL, NULL, 'revisado'),
(3, 'FACTURACIÓN ELECTRÓNICA', 'YENIFER', '2', '', 'facturaestrelladelmar.sigefac.com', '', 'ANCCASI TORRES MILTON CESAR', '43247232', 'ANCCASI TORRES MILTON CESAR', 'FABI MODAS', '10432472324', 'RESTAURANT CEVICHERIA', '936 531 634   /   987 673 105', '', '', '(0000) => AV. JAIME BAUSATE Y MESA NRO. 1694 - URB. EL PORVENIR  - LIMA - LIMA - LIMA', '(0000) => TICKET: TK02   /   BOLETA: B002   /   FACTURA: F002', '1. EN BUSQUEDA DE DNI Y RUC 10 DEBE IR POR DEFECTO: LIMA - LIMA\r\n2. CLIENTE TIENE IGV', '* SISTEMA DE FACTURACIÓN ELECTRÓNICA\r\n', '\r\n		', '', '', '', '', '', 'SIGEFAC', 'asdasd', 'FactSigefac1', 'CHINITA1', 'FactSigefac1', 'alejandrofresh_n.jpg', '', 'CERTIFICADO-56C17C270326A6DC778B9199AB45C90E101593B6.pfx', '2022-07-09', '2022-07-01', 93, NULL, NULL, NULL, NULL, 'revisado'),
(4, 'SISTEMA FACTURACIÓN', 'KARI', '2', '', 'facturadonpollos.sigefac.com', '', 'TORVISCO MARQUINA JORGE', '08982307', 'TORVISCO CHICKENS E.I.R.L.', 'MTESAC', '20609305666', 'POLLERÍA', '928505745', '', '', '(0000)=>AV. PROGRESO NRO. 821 INT. B URB. EL CERCADO LIMA - LIMA - VILLA MARIA DEL TRIUNFO', '(0000)=>BOLETA = B001 / FACTURA = F001', 'EN BUSQUEDA DE DNI Y RUC 10 DEBE IR POR DEFECTO: VILLA MARÍA DEL TRIUNFO - LIMA - LIMA', 'CLIENTE TIENE IGV', '', '', '', '', '', '', 'UALMERLO ', 'rinstishe', 'FactSigefac1', 'DONPOLLO', 'FactSigefac1', 'alejandroLogo - Aceros Faser SRL.jpg', '', 'CERTIFICADO-404FE67E172D58BC.pfx', '2022-07-07', '2022-07-02', 94, '2022-07-08', 93, 'asdasd \r\nasd\r\nasd\r\nasd\r\nasd\r\nasdasdasdasdaasd', NULL, 'realizado'),
(5, 'ASDASDASDASDASDAS', 'AYSBEL', '1', 'probando.sigefac', '', '', 'ASDASDASDASDASDAS', '73058107', 'ASDASDASDASDASDAS', 'ASDASDASDASDASDAS', '20112569874', 'ASDASDASDASDASDAS', '963258741', '3217855', 'ASDASDASDASDASDAS', 'ASDASDASDASDASDAS', 'ASDASDASDASDASDAS', 'asdasdasdasdasdas', 'asdasdasdasdasdas', '\r\n		', '', '', '', '', '', '', '', '', '', '', 'alejandromacbookpro2018.jpg', '', NULL, '2022-07-14', '2022-07-11', 93, NULL, NULL, NULL, NULL, 'revisado'),
(6, 'ESTO ES UNA PRUEBA', 'YO MERENGUES', '1', 'probando2.sigefac.com', '', '', 'ESTO ES UNA PRUEBA', '73058107', 'ESTO ES UNA PRUEBA', 'ESTO ES UNA PRUEBA', '20112569874', 'ESTO ES UNA PRUEBA', '963258741', '3217542', 'ESTO ES UNA PRUEBA', 'ESTO ES UNA PRUEBA', 'ESTO ES UNA PRUEBA', 'ESTO ES UNA PRUEBA', 'ESTO ES UNA PRUEBA', '\r\n		', '', '', '', '', '', '', '', '', '', '', 'alejandromacbookpro2018.jpg', '', NULL, '2022-07-14', '2022-07-11', 93, NULL, NULL, NULL, NULL, 'revisado'),
(7, 'SISTEMA POS WEB INTEGRADO CON SISTEMA DE FACTURACIÓN ELECTRÓNICA', 'ALEJANDRO', '5', 'possneider.sigefac.com', 'facturasneider.sigefac.com', '', 'FERNANDEZ HUILLCA LEONCIO', '07521193', 'FERNANDEZ HUILLCA LEONCIO', 'SNEIDER', '10075211932', 'BAZAR, LIBRERÍA, ARTÍCULOS DIVERSOS PARA EL HOGAR ', '987 713 254   /   987 713 253', '', 'LEONCIOCUZCO@GMAIL.COM', '(0000) => JR. CUZCO NRO. 765  - CERCADO DE LIMA - LIMA - LIMA', '(0000) => TICKET: TK01   /   BOLETA: B001   /   FACTURA: F001 ', 'EN BUSQUEDA DE DNI Y RUC 10 DEBE IR POR DEFECTO: CERCADO DE LIMA - LIMA\r\nCLIENTE TIENE IGV', '* SISTEMA POS WEB INTEGRADO CON SISTEMA DE FACTURACIÓN ELECTRÓNICA\r\n* IMPRESIÓN FORMATO A4 Y TICKET (Ambos)', '', '', '', '', '', '', 'soporte@gmail.com', 'ASDASD', 'FactSigefac1', 'CHINITA1', 'FactSigefac1', 'alejandrosigefacLogo - Pizza Brava (2).jpg', '', 'PRUEBA.pfx', '2022-07-14', '2022-07-12', 94, '2022-07-14', 93, 'asdasd\r\nas\r\ndas\r\nda\r\nsd\r\nasd\r\nas\r\nd\r\nasd\r\nas', NULL, 'realizado'),
(9, 'ESTO ES UNA PRUEBA', 'ALEJANDRO', '3', '', '', '', 'ASDASDAS ASDASDAS', '73058107', 'CALZATODO SPORT S.A.C.', 'MTESAC', '20112569874', 'ASDASDAS', '963258741', '', '', 'ASDASDAS ASDASDAS', 'ASDASDAS ASDASDAS', 'ASDASDAS ASDASDAS', 'ASDASDAS ASDASDAS', 'ASDASDAS ASDASDAS\r\n		', '987456321', 'ASDASDAS ASDASDAS', 'ASDASDAS ASDASDAS', 'ASDASDAS ASDASDAS', '3', '', '', NULL, NULL, NULL, 'alejandrosigefacLogo - Mr. Lolo (1).jpg', '', NULL, NULL, '2022-07-14', 93, NULL, NULL, NULL, 'No me gusta su logo, mandalo de nuevo con fiorella', 'rechazado'),
(10, 'INSTALACION DE SISTEMA POS', 'ALEJANDRO', '1', 'probando_ando.sigefac.com', '', '', 'ALEJANDRO HERMITAÑO', '73058107', 'STUDHY EIRL', 'STUDHY', '20112569874', 'INTERNET', '972557902', '', '', 'PROBANDO_ANDO.SIGEFAC.COM', 'PROBANDO_ANDO.SIGEFAC.COM', 'PROBANDO_ANDO.sigefac.com', 'PROBANDO_ANDO.sigefac.com', '\r\n		', '', '', '', '', '', '', '', NULL, NULL, NULL, 'alejandrosigefacLogo - Mr. Lolo (2).jpg', '', NULL, NULL, '2022-07-14', 93, NULL, NULL, NULL, 'Esto es un rechazo de prueba nomas', 'rechazado');

-- --------------------------------------------------------

--
-- Estructura de tabla para la tabla `cajas`
--

CREATE TABLE `cajas` (
  `idCaja` int(255) NOT NULL,
  `fechaApertura` datetime DEFAULT CURRENT_TIMESTAMP,
  `montoApertura` decimal(10,2) NOT NULL,
  `montoCierre` decimal(10,2) DEFAULT NULL,
  `fechaCierre` datetime DEFAULT NULL,
  `estado` varchar(255) NOT NULL,
  `idUsuario` int(11) NOT NULL,
  `idSucursal` int(11) NOT NULL
) ENGINE=InnoDB DEFAULT CHARSET=latin1;

--
-- Volcado de datos para la tabla `cajas`
--

INSERT INTO `cajas` (`idCaja`, `fechaApertura`, `montoApertura`, `montoCierre`, `fechaCierre`, `estado`, `idUsuario`, `idSucursal`) VALUES
(4, '2022-08-01 09:17:10', '0.00', NULL, NULL, 'abierto', 93, 5);

-- --------------------------------------------------------

--
-- Estructura de tabla para la tabla `caja_movimiento`
--

CREATE TABLE `caja_movimiento` (
  `idCajaMovimiento` int(255) NOT NULL,
  `idCaja` int(255) NOT NULL,
  `idPension` varchar(11) DEFAULT NULL,
  `montoMovimiento` decimal(10,2) NOT NULL,
  `descripcionMovimiento` text NOT NULL,
  `tipo` varchar(25) DEFAULT NULL,
  `fechaMovimiento` datetime DEFAULT CURRENT_TIMESTAMP
) ENGINE=InnoDB DEFAULT CHARSET=latin1;

--
-- Volcado de datos para la tabla `caja_movimiento`
--

INSERT INTO `caja_movimiento` (`idCajaMovimiento`, `idCaja`, `idPension`, `montoMovimiento`, `descripcionMovimiento`, `tipo`, `fechaMovimiento`) VALUES
(13, 4, '117', '70.00', 'Servicio de: SISTEMA FACTURACION', 'ingreso', '2022-08-01 09:22:37'),
(14, 4, '1', '75.00', 'Servicio de: POS + FACTURACIÓN', 'anulado', '2022-08-01 09:59:45'),
(15, 4, '13', '100.00', 'Servicio de: SISTEMA FACTURACION + mora', 'anulado', '2022-08-01 10:01:52'),
(16, 4, '1', '75.00', 'Servicio de: POS + FACTURACIÓN', 'ingreso', '2022-08-01 12:09:32'),
(17, 4, '3', '75.00', 'Servicio de: POS + FACTURACIÓN', 'ingreso', '2022-08-01 12:09:50'),
(18, 4, '2', '125.00', 'Servicio de: POS + FACTURACIÓN + mora + reconexion', 'ingreso', '2022-08-01 12:10:57'),
(19, 4, '17', '100.00', 'Servicio de: SISTEMA FACTURACION + mora', 'ingreso', '2022-08-01 12:11:13'),
(20, 4, '18', '120.00', 'Servicio de: SISTEMA FACTURACION + reconexion', 'ingreso', '2022-08-01 12:11:35');

-- --------------------------------------------------------

--
-- Estructura de tabla para la tabla `cierreventadetalle`
--

CREATE TABLE `cierreventadetalle` (
  `idCierreVenta` int(11) NOT NULL,
  `idSolicitud` int(11) NOT NULL,
  `producto` varchar(50) NOT NULL,
  `idUsuarioCierreVenta` int(11) NOT NULL
) ENGINE=InnoDB DEFAULT CHARSET=utf8;

-- --------------------------------------------------------

--
-- Estructura de tabla para la tabla `clientes`
--

CREATE TABLE `clientes` (
  `idCliente` int(11) NOT NULL,
  `codCliente` varchar(50) NOT NULL,
  `nombreCliente` varchar(100) NOT NULL,
  `nombreComercial` varchar(150) DEFAULT NULL,
  `celularCliente` varchar(50) NOT NULL,
  `telefonoCliente` varchar(30) DEFAULT NULL,
  `emailCliente` varchar(50) NOT NULL,
  `direccionCliente` varchar(150) NOT NULL,
  `idDepartamento` int(11) DEFAULT '15',
  `idProvincia` int(11) DEFAULT '1501',
  `idDistrito` int(11) DEFAULT '150101',
  `idTipoDocumento` int(11) NOT NULL,
  `nroDocumento` varchar(11) NOT NULL,
  `nombreContacto` varchar(100) DEFAULT 'NO HAY CONTACTO',
  `nroContacto` varchar(50) DEFAULT '000000000',
  `nroDocContacto` varchar(11) DEFAULT '00000000',
  `emailContacto` varchar(50) DEFAULT NULL,
  `estado` varchar(50) NOT NULL DEFAULT 'activo'
) ENGINE=InnoDB DEFAULT CHARSET=latin1;

--
-- Volcado de datos para la tabla `clientes`
--

INSERT INTO `clientes` (`idCliente`, `codCliente`, `nombreCliente`, `nombreComercial`, `celularCliente`, `telefonoCliente`, `emailCliente`, `direccionCliente`, `idDepartamento`, `idProvincia`, `idDistrito`, `idTipoDocumento`, `nroDocumento`, `nombreContacto`, `nroContacto`, `nroDocContacto`, `emailContacto`, `estado`) VALUES
(2, 'CLIMAYRA44485085', 'MAYRA LUISA BACA ALEJOS', 'KLU ACCESORIOS Y MAS ', '945221331', '', '', 'LIMA', 15, 1501, 150101, 1, '44485085', 'JONATAN CONDORI', '945221331', '44485085', NULL, 'activo'),
(3, 'CLIYITMAN46644672', 'YITMAN FRANKLIN CANO VARGAS', 'LICORERIA ROMEO ', '927618470', '', '', 'LIMA', 15, 1501, 150101, 1, '46644672', 'YITMAN FRANKLIN CANO VARGAS ', '927618470', '46644672', NULL, 'activo'),
(4, 'CLIFERNANDO10278087', 'FERNANDO ERNAN QUICHUA CHAICO', 'TRUKY S', '926 446 603', '', '', 'LIMA', 15, 1501, 150101, 1, '10278087', 'FERNANDO ERNAN QUICHUA CHAICO ', '926 446 603', '10278087', NULL, 'activo'),
(5, 'CLIAQUILIO21249556', 'AQUILIO PABLO ORTEGA LEON', 'COMERCIAL ORTEGA ', '953 202 011', '', '', 'LIMA', 15, 1501, 150101, 1, '21249556', 'AQUILO PABLO ORTEGA LEON', '953 202 011', '21249556', NULL, 'activo'),
(6, 'CLIROCIO09450319', 'ROCIO DEL PILAR VILLEGAS VILLENA', 'COMERCIAL ROSSY ', '914 184 496', '', '', 'LIMA', 15, 1501, 150101, 1, '09450319', 'ROCIO DEL PILAR VILLEGAS VILLENA ', '914 184 496', '09450319', NULL, 'activo'),
(7, 'CLIFELISA28683503', 'FELISA CANDELA DE GUILLEN', 'BODEGA SANTA ISABEL ', '993 193 524', '', '', 'LIMA', 15, 1501, 150101, 1, '28683503', 'FELISA CANDELA DE GUILLEN', '993 193 524', '28683503', NULL, 'activo'),
(8, 'CLIITALA06779153', 'ITALA VERONICA POZADA PAREDES', 'POLLERÍA 48 DELIVERY', '999 380 408', '', '', 'LIMA', 15, 1501, 150101, 1, '06779153', 'ITALA VERONICA POZADA PAREDES', '999 380 408', '06779153', NULL, 'activo'),
(9, 'CLIFREDY44803231', 'FREDY LUIS HUINCHO HURTADO', 'NOVEDADES POSITIVO ', '949 617 076', '', '', 'LIMA', 15, 1501, 150101, 1, '44803231', 'FREDY LUIS HUINCHO HURTADO ', '949 617 076', '44803231', NULL, 'activo'),
(10, 'CLIPERCY22760186', 'PERCY LOARTE CARDICH', 'AFRODITA KIDS ', '960 820 495', '', '', 'LIMA', 15, 1501, 150101, 1, '22760186', 'PERCY LOARTE CARDICH', '960 820 495', '22760186', NULL, 'activo'),
(11, 'CLIRONALD47490828', 'RONALD MIGDALI CORREA TINEO', 'ROMICOTI ', '978 857 655', '', '', 'HUANUCO', 15, 1501, 150101, 1, '47490828', 'RONALD MIGDALI CORREA TINEO ', '978 857 655', '47490828', NULL, 'activo'),
(12, 'CLIBERTHA41421711', 'BERTHA DIANA CRUZ CHIPILE', 'FERRETERÍA CRUZ', '946 296 400', '', '', 'LIMA', 15, 1501, 150101, 1, '41421711', 'BERTHA DIANA CRUZ CHIPILE', '946 296 400', '41421711', NULL, 'activo'),
(13, 'CLIBRAULIO04828375', 'BRAULIO CCOLQQUE MELO', 'PLASTIQUERIA Y LOCERIA FLOR ', '925 664 088', '', '', 'LIMA', 15, 1501, 150101, 1, '04828375', 'BARULIO CCOLQQUE MELO ', '925 664 088', '04828375', NULL, 'activo'),
(14, 'CLIPATRICIA10770921', 'PATRICIA DELIA VILLALTA URETA', 'MARKET PALERMO ', '945 163 880', '', '', 'LIMA', 15, 1501, 150101, 1, '10770921', 'PATRICIA DELIA VILLALTA URETA', '945 163 880', '10770921', NULL, 'activo'),
(15, 'CLIHUGO25511718', 'HUGO YTALO HERRERA SOLIS', 'HOSTAL LOS OLIVOS ', '959 333 781', '', '', 'LIMA', 15, 1501, 150101, 1, '25511718', 'HUGO YTALO HERRERA SOLIS', '959 333 781', '25511718', NULL, 'activo'),
(16, 'CLIFLORA40404974', 'FLORA LAURA CRUZ JACINTO', 'LA PRIMERA MINIMARKET ', '940 081 670', '', '', 'LIMA', 15, 1501, 150101, 1, '40404974', 'FLORA LAURA CRUZ JACINTO ', '940 081 670', '40404974', NULL, 'activo'),
(17, 'CLIEFRAIN06083321', 'EFRAIN RUBEN GARCIA GARAY', 'MULTI SERVICIOS R.G ', '992 299 946', '', '', 'LIMA', 15, 1501, 150101, 1, '06083321', 'EFRAIN RUBEN GARCIA GARAY ', '992 299 946', '06083321', NULL, 'activo'),
(18, 'CLIJORGE41224637', 'JORGE BORIS JOAQUIN DAMAS', 'LIBRERÍA SAN FRANCISCO', '987 754 279', '', '', 'LIMA', 15, 1501, 150101, 1, '41224637', 'JORGE BORIS JOAQUIN DAMAS ', '987 754 279', '41224637', NULL, 'activo'),
(19, 'CLIGENARA29600876', 'GENARA TEODORA ANCCO MAQUE DE QUISPE', 'RESTAURANTE YARAVI', '942 421 124', '', '', 'LIMA', 15, 1501, 150101, 1, '29600876', 'GENERA TEODORA ANCCO MAQUE DE QUISPE ', '942 421 124', '29600876', NULL, 'activo'),
(20, 'CLITATIANA43580508', 'TATIANA VANESA MELGAR OJEDA', 'LA CASA DEL GLOBO', '939 839 747', '', '', 'LIMA', 15, 1501, 150101, 1, '43580508', 'TATIANA VANESA MELGAR OJEDA', '939 839 747', '43580508', NULL, 'activo'),
(21, 'CLIMAUDELIA15999082', 'MAUDELIA EULOGIA MAGUIÑA TORRE', 'PEZ DE ORO ', '928 554 879', '', '', 'LIMA', 15, 1501, 150101, 1, '15999082', 'MANUEL GUILLERMO VIRHUEZ ENCARNACION', '928 554 879', '15999082', NULL, 'activo'),
(22, 'CLIANA09612196', 'ANA MARIA GUTIERREZ JANAMPA', 'MULTIMARQUET SAN FERNANDO', '954 623 616', '', '', 'LIMA', 15, 1501, 150101, 1, '09612196', 'ANA MARIA GUTIERREZ JANAMPA', '954 623 616', '09612196', NULL, 'activo'),
(23, 'CLIJUAN10628182', 'JUAN CARLOS LLACMA CHIGUAYA', 'TECNILLAVESPERU', '961 834 245 ', '', '', 'LIMA', 15, 1501, 150102, 1, '10628182', 'JUAN CARLOS LLACMA CHIGUAYA ', '961 834 245 ', '10628182', NULL, 'activo'),
(24, 'CLILUIS47840809', 'LUIS FRANKLIN SULLCA GALICIO', 'EL CAMINANTE', '975 849 585  ', '', '', 'LIMA', 15, 1501, 150101, 1, '47840809', 'LUIS FRANKLIN SULLCA GALICIO ', '975 849 585  ', '47840809', NULL, 'activo'),
(25, 'CLILADY74308206', 'LADY DANIELA SALVATIERRA CAMASCCA', 'KING BIKER ', '913 469 607', '', '', 'LIMA', 15, 1501, 150101, 1, '74308206', 'LADY DANIELA SALLVATIERRA CAMASCCA', '913 469 607', '74308206', NULL, 'activo'),
(26, 'CLIFIORELLA46343071', 'FIORELLA SILVIA GOMEZ TOLENTINO', 'POLLERIA RYKOS CHICKEN ', '928 554 879', '', '', 'LIMA', 15, 1501, 150101, 1, '46343071', 'MANUEL GUILLERMO VIRHUEZ ENCARNACION', '928 554 879', '46343071', NULL, 'activo'),
(27, 'CLICORINA09745532', 'CORINA EDITH BAUTISTA PALOMINO', 'INVERSIONES ANGEL ', '931 964 480', '', '', 'LIMA', 15, 1501, 150101, 1, '09745532', 'ANGEL RAFAEL ', '931 964 480', '09745532', NULL, 'activo'),
(28, 'CLILUCIA15963829', 'LUCIA NANCY MIGUEL SIMON', 'UN MUNDO PARA BEBE ', '928 554 879', '', '', 'LIMA', 15, 1501, 150101, 1, '15963829', 'MANUEL GUILLERMO VIRHUEZ ENCARNACION', '928 554 879', '15963829', NULL, 'activo'),
(29, 'CLIHILDA15950588', 'HILDA PILAR HERRERA DE FLORIAN', 'GIRASOL ', '928 554 879', '', '', 'LIMA', 15, 1501, 150101, 1, '15950588', 'MANUEL GUILLERMO VIRHUEZ ENCARNACION', '928 554 879', '15950588', NULL, 'activo'),
(30, 'CLITOMAS70813220', 'TOMAS GERSON BLAS LEON', 'LUAN ', '924 705 876', '', '', 'LIMA', 15, 1501, 150101, 1, '70813220', 'LUZ YAÑEZ', '924 705 876', '70813220', NULL, 'activo'),
(31, 'CLINEY45951675', 'NEY SOPLA CHECAN', 'STRAGOS MARKET', '961 928 551', '', '', 'LIMA', 15, 1501, 150101, 1, '45951675', 'SOPLA CHECAN NEY ', '961 928 551', '45951675', NULL, 'activo'),
(32, 'CLIPERCY74742685', 'PERCY JUNIOR TORVISCO TORVISCO', 'LA CASA DEL POLLO ', '943 974 050', '', '', 'LIMA', 15, 1501, 150101, 1, '74742685', 'PERCY JUNIOR TORVISCO TORVISCO', '943 974 050', '74742685', NULL, 'activo'),
(33, 'CLILUIS46515692', 'LUIS CESAR LEON CONCEPCION', 'KALESSY JEANS S.A.C', '975 601 167', '', '', 'LIMA', 15, 1501, 150101, 1, '46515692', 'LUIS CESAR LEON CONCEPCION', '975 601 167', '46515692', NULL, 'activo'),
(34, 'CLIEDWIN46524447', 'EDWIN ROGER FERNANDEZ FARGE', 'DISTRIBUIDORA NENA ', '994 252 639', '', '', 'LIMA', 15, 1501, 150101, 1, '46524447', 'EDWIN ROGER FERNANDEZ FARGE ', '994 252 639', '46524447', NULL, 'activo'),
(35, 'CLIKEVIN75455348', 'KEVIN WILLIAMS PARIONA SAAVEDRA', 'POLLERÍA KILLA CHICKEN', '936 914 390', '', '', 'LIMA', 15, 1501, 150101, 1, '75455348', 'SR.KEVIN ', '936 914 390', '75455348', NULL, 'activo'),
(36, 'CLIGIANFRANCO43178526', 'GIANFRANCO RONALD ROMAN GOMEZ', 'CENTRO MÉDICO DEPORTIVO DR. ROMAN', '974 304 226', '', '', 'LIMA', 15, 1501, 150101, 1, '43178526', 'GIANFRANCO RONALD ROMAN GOMEZ ', '974 304 226', '43178526', NULL, 'activo'),
(37, 'CLINEREIDA42300870', 'NEREIDA CHANTAL ACOSTA DIAZ DE FLORES', 'POLLERÍA FORTALEZA', '927 776 001  ', '', '', 'LIMA', 15, 1501, 150101, 1, '42300870', 'NEREIDA CHANTAL ACOSTA DIAZ DE FLORES', '927 776 001  ', '42300870', NULL, 'activo'),
(38, 'CLILUCERO70860895', 'LUCERO DEL PILAR GUIMARAES GOMEZ', 'NEGOCIACIONES SONAF E.I.R.L ', '946 120 812', '', '', 'LIMA', 15, 1501, 150101, 1, '70860895', 'PAULO FLORES ZAMORA ', '946 120 812', '70860895', NULL, 'activo'),
(39, 'CLISANTOS41043655', 'SANTOS LIZ SOLIS MENDOZA', 'RESTOBAR EL SR. BATÁN', '938 396 656', '', '', 'LIMA', 15, 1501, 150101, 1, '41043655', 'ANTONIO SOLIS MENDOZA ', '938 396 656', '41043655', NULL, 'activo'),
(40, 'CLIMARIANELLA08379694', 'MARIANELLA CASUSOL MARTINEZ', 'PROVEEDORES CASUSOL S.A.', '984 355 048', '', '', 'LIMA', 15, 1501, 150101, 1, '08379694', 'SRTA.ALICIA ', '984 355 048', '08379694', NULL, 'activo'),
(41, 'CLIBETTY40938636', 'BETTY ROCIO RODRIGUEZ PUENTE', 'HOSTAL KAN KUN ', '971 076 106', '', '', 'LIMA', 15, 1501, 150101, 1, '40938636', 'RODRIGO RODRIGUEZ PUENTE ', '971 076 106', '40938636', NULL, 'activo'),
(42, 'CLIEDSON73820603', 'EDSON MARTIN BENITES OROPEZA', 'CORPORACION GRAMO MARKET S.A.C', '940 347 222', '', '', 'LIMA', 15, 1501, 150101, 1, '73820603', 'MARTIN BENITES', '940 347 222', '73820603', NULL, 'activo'),
(43, 'CLIKATIA46321895', 'KATIA LIZ LAURA ONOFRE', 'BK SUSHI BAR', '994 631 779', '', '', 'LIMA', 15, 1501, 150101, 1, '46321895', 'KATIA LIZ LAURA ONOFRE ', '994 631 779', '46321895', NULL, 'activo'),
(44, 'CLINIKOLAS41889189', 'NIKOLAS RABANAL SALDIVAR', 'IMPORTACIONES PERU TOOLS S.A.C', '973 109 362', '', '', 'LIMA', 15, 1501, 150101, 1, '41889189', 'SRTA.KAREN ', '973 109 362', '41889189', NULL, 'activo'),
(45, 'CLILISBET45867369', 'LISBET AYASTA CERVANTES', 'MI LUZ JOYERIA ', '939 567 772', '', '', 'LIMA', 15, 1501, 150101, 1, '45867369', 'LISBET AYASTA CERVANTES ', '939 567 772', '45867369', NULL, 'activo'),
(46, 'CLIAGRIPINO41861331', 'AGRIPINO CAMARGO CERCEDA', 'CAMARGO SPORT ', '948 333 869', '', '', 'LIMA', 15, 1501, 150101, 1, '41861331', 'AGRIPINO CAMARGO CERCEDA ', '948 333 869', '41861331', NULL, 'activo'),
(47, 'CLIJULIO72802923', 'JULIO CESAR URETA MEJIA', 'URETA ', '929 857 022', '', '', 'LIMA', 15, 1501, 150101, 1, '72802923', 'JULIO CESAR URETA MEJIA ', '929 857 022', '72802923', NULL, 'activo'),
(48, 'CLICARMEN10396426', 'CARMEN VIOLETA MASCCO ESCOBAR', 'CORPORACION MADERERA PERU SELVA ', '960 696 990', '', '', 'LIMA', 15, 1501, 150101, 1, '10396426', 'CARMEN VIOLETA MASCCO ESCOBAR ', '960 696 990', '10396426', NULL, 'activo'),
(49, 'CLIGHERSON48245924', 'GHERSON SALVADOR ROJAS QUISPE', 'DISTRIBUIDORA FERRETERA PERU ', '959 599 998', '', '', 'LIMA', 15, 1501, 150101, 1, '48245924', 'GERSON SALVADOR ROJAS QUISPE ', '959 599 998', '48245924', NULL, 'activo'),
(50, 'CLIFLORENCIO41316255', 'FLORENCIO TERRONES CAMPOS', 'STEVEN ', '989 977 326', '', '', 'LIMA', 15, 1501, 150101, 1, '41316255', 'SRTA.PAOLA ', '989 977 326', '41316255', NULL, 'activo'),
(51, 'CLICRISTHIAN42850742', 'CRISTHIAN ALBERTO DIAZ TITO', 'MULTISERVICIOS PEPUCHIS', '916 755 506', '', '', 'LIMA', 15, 1501, 150101, 1, '42850742', 'CRISTHIAN ALBERTO DIAZ TITO ', '916 755 506', '42850742', NULL, 'activo'),
(52, 'CLIHECTOR06053152', 'HECTOR HUAMAN ARANA', 'NUEVAS INVERSIONES H&H', '945 242 115', '', '', 'LIMA', 15, 1501, 150101, 1, '06053152', 'JOSE PEÑA ', '945 242 115', '06053152', NULL, 'activo'),
(53, 'CLIJAVIER42677101', 'JAVIER SALAZAR AGUILAR', 'LUAXS', '955 518 702', '', '', 'LIMA', 15, 1501, 150101, 1, '42677101', 'JAVIER SALAZAR AGUILAR ', '955 518 702', '42677101', NULL, 'activo'),
(54, 'CLINICOLE75190448', 'NICOLE FIORELLA DE LA CRUZ NATIVIDAD', 'N&S HOME CENTER S.A.C.', '928 554 879', '', '', 'LIMA', 15, 1501, 150101, 1, '75190448', 'MANUEL GUILLERMO VIRHUEZ ENCARNACION', '928 554 879', '75190448', NULL, 'activo'),
(55, 'CLIESTHER48162075', 'ESTHER ORTIZ MORA', 'COMERCIAL ORTIZ M ', '999 022 890  ', '', '', 'LIMA', 15, 1501, 150101, 1, '48162075', 'ESTHER ORTIZ MORA', '999 022 890  ', '48162075', NULL, 'activo'),
(56, 'CLIJUAN40087621', 'JUAN ARTURO GUTIERREZ LOZANO', 'LA ESQUINITA MARKET', '923 209 879', '', '', 'LIMA', 15, 1501, 150101, 1, '40087621', 'JUAN ARTURO GUTIERREZ LOZANO ', '923 209 879', '40087621', NULL, 'activo'),
(57, 'CLINELSON913 738 116', 'NELSON RAUL MEJIA CASTRO', 'NELSON RAUL MEJIA CASTRO', '913 738 116', '', '', 'LIMA', 15, 1501, 150101, 2, '913 738 116', 'MEJIA CASTRO NELSON RAUL ', '913 738 116', '45832595', NULL, 'activo'),
(58, 'CLISTEPHANIE76793363', 'STEPHANIE JAZMYN MARISCAL ROJAS', 'LICORERÍA TRAGO LIBRE', '999 881 912', '', '', 'LIMA', 15, 1501, 150101, 1, '76793363', 'STEPHANIE JAZMIN MARISCAL ROJAS ', '999 881 912', '76793363', NULL, 'activo'),
(59, 'CLIJUANA10136646', 'JUANA SAUJA CHAN WONG', 'QUEEN INVESTMENT E.I.R.L.', '962 076 639', '', '', 'LIMA', 15, 1501, 150101, 1, '10136646', 'JUANA SAUJA CHAN WONG ', '962 076 639', '10136646', NULL, 'activo'),
(60, 'CLIMARICIELO71075273', 'MARICIELO EMMY LA TORRE HASSINGER', 'BOUTIQUE ADRENALINE', '986 805 101', '', '', 'LIMA', 15, 1501, 150101, 1, '71075273', 'LA TORRE HASSINGER MARICIELO EMMY ', '986 805 101', '71075273', NULL, 'activo'),
(61, 'CLIPAULO06919151', 'PAULO EDUARDO ESTRADA ZARATE', 'ALE VAL MINIMARKET', ' 953 386 162', '', '', 'LIMA', 15, 1501, 150101, 1, '06919151', 'PAULO EDUARDO ESTRADA ZARATE ', ' 953 386 162', '06919151', NULL, 'activo'),
(62, 'CLIZAYR46183660', 'ZAYR MANUEL JUNCHAYA SALAZAR', 'IMPORTACIONES Z Y D (EUROGAS)', '954 653 196', '', '', 'LIMA', 15, 1501, 150101, 1, '46183660', 'ZAYR MANUEL JUNCHAYA SALAZAR ', '954 653 196', '46183660', NULL, 'activo'),
(63, 'CLIANGELICA46186561', 'ANGELICA PAULINA VELASQUEZ CAQUI', 'ADIKIDS,PE', '916 630 115', '', '', 'LIMA', 15, 1501, 150101, 1, '46186561', 'ANGELICA PAULINA VELASQUEZ CAQUI ', '916 630 115', '46186561', NULL, 'activo'),
(64, 'CLICIRO09670080', 'CIRO TARCICIO QUISPE TUPPIA', 'EL AJICITO LIMO', '947 186 735', '', '', 'LIMA', 15, 1501, 150101, 1, '09670080', 'VICTOR ORIZANO ', '947 186 735', '09670080', NULL, 'activo'),
(65, 'CLIGABRIELA46824335', 'GABRIELA STEFANY LAYNES VALENTIN', 'CONSTRUC SINAI', '967 850 395', '', '', 'LIMA', 15, 1501, 150101, 1, '46824335', 'GABRIELA STEFANY LAYNES VALENTIN ', '967 850 395', '46824335', NULL, 'activo'),
(66, 'CLIEDIL47433600', 'EDIL CAMARGO CERECEDA', 'CALZATODO SPORT', '992 165 419', '', '', 'LIMA', 15, 1501, 150101, 1, '47433600', 'EDIL ', '992 165 419', '47433600', NULL, 'activo'),
(67, 'CLIFRITZ47161868', 'FRITZ ALEXANDER COYURE ANGULO', 'Hostal Millenium', '959 870 429', '', '', 'LIMA', 15, 1501, 150101, 1, '47161868', 'SRA.DORIS ', '959 870 429', '47161868', NULL, 'activo'),
(68, 'CLIEMMA10658445', 'EMMA HURTADO SIFUENTES', 'TECMANÍA', '981 503 721', '', '', 'LIMA', 15, 1501, 150101, 1, '10658445', 'EMMA HUTRTADO SIFUENTES ', '981 503 721', '10658445', NULL, 'activo'),
(69, 'CLILEONEL20590689', 'LEONEL DARIO CABREJOS SOTO', 'CEVICHERÍA D´ MONICA', '933 424 512', '', '', 'LIMA', 15, 1501, 150101, 1, '20590689', 'LEONEL CABREJOS SOTO ', '933 424 512', '20590689', NULL, 'activo'),
(70, 'CLIEDGARDO47225714', 'EDGARDO MANUEL ROJAS MARCELO', 'HOSHI MARKET', '962 976 855', '', '', 'LIMA', 15, 1501, 150101, 1, '47225714', 'ROJAS MARCELO EDGARDO', '962 976 855', '47225714', NULL, 'activo'),
(71, 'CLIGEYBI44744163', 'GEYBI MARIANA SANCHEZ LEON', 'VALEM S MINIMARKET', '943 621 494', '', '', 'LIMA', 15, 1501, 150101, 1, '44744163', 'SANCHEZ LEON GEYBI ', '943 621 494', '44744163', NULL, 'activo'),
(72, 'CLIITALO45372790', 'ITALO GUSTAVO MENDOZA PRIETO', 'MINIMARKET CHAVELITA', '969 090 274', '', '', 'LIMA', 15, 1501, 150101, 1, '45372790', 'ITALO MENDOZA PRIETO', '969 090 274', '45372790', NULL, 'activo'),
(73, 'CLIJESUS41676930', 'JESUS AYALA CONTRERAS', 'WITT SILL', '941 458 004', '', '', 'LIMA', 15, 1501, 150101, 1, '41676930', 'JESUS AYALA CONTRERAS ', '941 458 004', '41676930', NULL, 'activo'),
(74, 'CLIDENYS47486376', 'DENYS YALICO VALLE', 'CABLE RED LATINO', '956 925 030', '', '', 'LIMA', 15, 1501, 150101, 1, '47486376', 'SR.DENYS YALICO ', '956 925 030', '47486376', NULL, 'activo'),
(75, 'CLIFANNY20578181', 'FANNY RUTH ESPINOZA ESPINOZA', 'RESTAURANT EL FUERTE', '957 490 841', '', '', 'LIMA', 15, 1501, 150101, 1, '20578181', 'SRA.FANNY ESPINOZA ', '957 490 841', '20578181', NULL, 'activo'),
(76, 'CLIHAYDEE40872477', 'HAYDEE FLORES SILVA', 'FERRETERÍA VIRGEN DE GUADALUPE', '975 495 081', '', '', 'LIMA', 15, 1501, 150101, 1, '40872477', 'SRA.HAYDEE', '975 495 081', '40872477', NULL, 'activo'),
(77, 'CLIRICHAR41854844', 'RICHAR JESUS RONDON POMAJULCA', 'JUGUERÍA ZUMOS', '940 515 184', '', '', 'LIMA', 15, 1501, 150101, 1, '41854844', 'RICHARD JESUS RONDON POMAJULCA ', '940 515 184', '41854844', NULL, 'activo'),
(78, 'CLIALBINO07544154', 'ALBINO ZARATE RUIZ', 'MULTICOM SANTA ROSA', '999 223 892', '', '', 'LIMA', 15, 1501, 150101, 1, '07544154', 'SR.ALBINO ZARATE ', '999 223 892', '07544154', NULL, 'activo'),
(79, 'CLIJUAN40601401', 'JUAN AGUSTIN MARTINEZ PALOMINO', 'LALO´S SURCO', '962 317 138', '', '', 'LIMA', 15, 1501, 150101, 1, '40601401', 'JUAN AGUSTIN MARTINEZ ', '962 317 138', '40601401', NULL, 'activo'),
(80, 'CLIESTANISLAO10516896', 'ESTANISLAO BOBADILLA ESQUIVEL', 'DE TODITO OFERTAS', '944 543 765', '', '', 'LIMA', 15, 1501, 150101, 1, '10516896', 'VICTOR HUGO BOBADILLA MEDRANO ', '944 543 765', '10516896', NULL, 'activo'),
(81, 'CLIMARTIN10603021', 'MARTIN ARMANDO FLORES GRANDA', 'M & C DISTRIBUIDORA EXITOSA ', '975 524 574', '', '', 'LIMA', 15, 1501, 150101, 1, '10603021', 'CECILIA VALDEZ SALDAÑA ', '975 524 574', '10603021', NULL, 'activo'),
(82, 'CLILUIS06383149', 'LUIS FRANCISCO AGUILAR SALAS', 'BUENAVENTURA', '997 762 851', '', '', 'LIMA', 15, 1501, 150101, 1, '06383149', 'LUIS FRANCISCO AGUILAR SALAS ', '997 762 851', '06383149', NULL, 'activo'),
(83, 'CLIPATRICIA46365017', 'PATRICIA PEREZ MICHI', 'FERRETERÍA ALEJANDRO', '998 896 633', '', '', 'LIMA', 15, 1501, 150101, 1, '46365017', 'SR.LUIS ', '998 896 633', '46365017', NULL, 'activo'),
(84, 'CLILUIS43483383', 'LUIS MIGUEL FELIX ATUNCAR', 'BAR VAGON 261', '966 745 901', '', '', 'LIMA', 15, 1501, 150101, 1, '43483383', 'JOHNNY MARTINEZ PALOMINO ', '966 745 901', '43483383', NULL, 'activo'),
(85, 'CLICESAR46725875', 'CESAR WILDER MORENO CASTILLO', 'CHIFA TAYPA THAL MAHAL ', '975 161 512', '', '', 'LIMA', 15, 1501, 150101, 1, '46725875', 'CESAR WILDER MORENO CASTILLO', '975 161 512', '46725875', NULL, 'activo'),
(86, 'CLIHEDDY20702953', 'HEDDY MARGOTH ORELLANA CANO', 'SAMI MULTIMARKET', '963 003 647  ', '', '', 'LIMA', 15, 1501, 150101, 1, '20702953', 'HEDDY MARGOTH ORELLANA CANO ', '963 003 647  ', '20702953', NULL, 'activo'),
(87, 'CLIAMERICO43516904', 'AMERICO CAMARGO CERECEDA', 'INVERSIONES CERECEDA SAC', '993 373 940', '', '', 'LIMA', 15, 1501, 150101, 1, '43516904', 'AMERICO CAMARGO CERECEDA ', '993 373 940', '43516904', NULL, 'activo'),
(88, 'CLICAROLINA07264351', 'CAROLINA SUSANA HORIKAWA YSA', 'RESTAURANTE SOL NACIENTE', '986 407 905', '', '', 'LIMA', 15, 1501, 150101, 1, '07264351', 'CAROLINA SUSANA HORIKAWA YSA ', '986 407 905', '07264351', NULL, 'activo'),
(89, 'CLICARLOS43137075', 'CARLOS IVAN VASQUEZ DUEÑAS', 'LICORERIA EL GRIFO', '928 033 523', '', '', 'LIMA', 15, 1501, 150101, 1, '43137075', 'CARLOS IVAN VASQUEZ DUEÑAS ', '928 033 523', '43137075', NULL, 'activo'),
(90, 'CLITERESA10198986', 'TERESA DEL ROSARIO HERRERA GARCIA DE DAHUA', 'JAWIBE MARKET ', '988 806 784', '', '', 'LIMA', 15, 1501, 150101, 1, '10198986', 'TERESA DEL ROSARIO HERRERA GARCIA DE DAHUA ', '988 806 784', '10198986', NULL, 'activo'),
(91, 'CLIGABRIEL45137798', 'GABRIEL BENIGNO ZEVALLOS PEÑALOZA', 'BOMBAI PERÚ', '960 385 156', '', '', 'LIMA', 15, 1501, 150101, 1, '45137798', 'JEFERSON ROJAS ', '960 385 156', '45137798', NULL, 'inhabilitado'),
(92, 'CLICARLOS40007893', 'CARLOS RAUL JUNCO ZORRILLA', 'MAXITIENDAS LA HEROÍCA', '923 254 594', '', '', 'LIMA', 15, 1501, 150101, 1, '40007893', 'CARLOS RAUL JUNCO ZORRILLA ', '923 254 594', '40007893', NULL, 'activo'),
(93, 'CLIPEDRO45343505', 'PEDRO ERNESTO CANCHARI MORENO', 'ARTE Y CASA', '977 448 471', '', '', 'LIMA', 15, 1501, 150101, 1, '45343505', 'PEDRO CANCHARI MORENO ', '977 448 471', '45343505', NULL, 'activo'),
(94, 'CLILUO00000000', 'LUO CHENG WEI ', 'LUO CHENG WEI ', '913 833 394', '', '', 'LIMA', 15, 1501, 150101, 1, '00000000', 'LUO CHENG WEI ', '913 833 394', '00000000', NULL, 'activo'),
(95, 'CLIALFREDO40146898', 'ALFREDO ROLANDO DE LA CRUZ ZEVALLOS', 'MIRASUR', '974625779', '', '', 'AV. SERGIO BERNALES NRO. 521 URB. BARRIO MÉDICO', 15, 1501, 150141, 1, '40146898', 'ALFREDO ROLANDO DE LA CRUZ ZEVALLOS', '974625779', '40146898', NULL, 'activo'),
(96, 'CLICARLOS45747907', 'CARLOS LAURENCIO VASQUEZ MENDEZ', 'LOCOCINO', '986 249 870', '', '', 'AV. CORONEL SAMUEL ALCAZAR NRO. 664A URB. EL MANZANO - RIMAC - LIMA - LIMA', 15, 1501, 150101, 1, '45747907', 'CARLOS LAURENCIO VASQUEZ MENDEZ ', '986 249 870', '45747907', NULL, 'activo'),
(97, 'CLIPIERANYELI42165225', 'PIERANYELI ANTONELLA VACCARI SILVA', 'VACCARI', '987505555', '', '', 'JR. MIGUEL DE UNAMUNO NRO 298 - SAN MIGUEL', 15, 1501, 150101, 1, '42165225', 'PIERANYELI ANTONELLA VACCARI SILVIA ', '987505555', '42165225', NULL, 'activo'),
(98, 'CLIJAMES43762849', 'JAMES ABEL PEREZ BACA', 'FLOR Y MAR ', '983 337 822  ', '', '', 'CALLE MARIANO MELGAR NRO. 204 URB. SAN GABRIEL - VILLA MARÍA DEL TRIUNFO - LIMA - LIMA', 15, 1501, 150101, 1, '43762849', 'JAMES ABEL PEREZ BACA ', '983 337 822', '43762849', NULL, 'activo'),
(99, 'CLIELARTH43091174', 'ELARTH GUILLERMO PINTO SANCHEZ', 'NEGOCIACIONES LA ESTANCIA E.I.R.L. - NELAE E.I.R.L', ' 969 099 964', '', '', 'CALLE LOS CAFETOS NRO. 191 - SAN RAMON', 12, 1203, 120301, 1, '43091174', 'ELARTH GUILLERMO PINTO SANCHEZ ', ' 969 099 964', '43091174', NULL, 'activo'),
(100, 'CLIANGEL20544917', 'ANGEL GAVINO PARRA LEON', 'EL PARRAL', '945 546 323', '', '', 'JR BUENAVEN LEON DE URIARTE NRO 355 URB CERCADO', 12, 1203, 120305, 1, '20544917', 'ANGEL GAVINO PARRA LEON ', '945 546 323', '20544917', NULL, 'activo'),
(101, 'CLIROSA20538663', 'INGA AYACC ROSA MARIA', 'PASONKI', '926598940', '(064) 401084', '', 'AV. CARLOS A. PESCHEIRA NRO. 495  URB', 12, 1203, 120301, 2, '10205386632', 'SR. ALFREDO', '926598940', '20538663', NULL, 'activo'),
(102, 'CLIPEDRO08565350', 'PEDRO ISAIAS ALMEYDA MERINO', 'RESTAURANTE TURISTICO MISHAJA ', '944 676 710', '', '', 'CAR. MARGINAL KM. 12 SEC. PUENTE REITHER', 12, 1203, 120301, 1, '08565350', 'PEDRO ISAIAS ALMEYDA MERINO', '944 676 710', '08565350', NULL, 'activo'),
(103, 'CLILILIANA07336028', 'LILIANA SERPA CHUMBE', 'COFFE GREEN GOLD', '964 070 770', '', '', 'AV. FRAY JERONIMO JIMENEZ URB. SAN CARLOS', 12, 1203, 120301, 1, '07336028', 'LILIANA SERPA CHUMBE ', '964 070 770', '07336028', NULL, 'activo'),
(104, 'CLINORMA15593678', 'NORMA ELVIRA MUGURUZA CRISPIN', 'TRUEX CORP', '935 458 045', '', '', 'JR. EL MOLINO DEL GATO NRO. 200 DPTO. 405 INT. O ', 15, 1501, 150101, 1, '15593678', 'PIERANYELI ANTONELLA VACCARI SILVIA ', '935 458 045', '15593678', NULL, 'activo'),
(105, 'CLILIDONIL41646124', 'LIDONIL SANCHEZ SAUCEDO', 'DISTRIBUIDORA GENESIS', '969 857 447', '', '', 'JR. ANGAIZA NRO. S/N ', 22, 2208, 220801, 1, '41646124', 'LIDONIL SANCHEZ SAUCEDO ', '969 857 447', '41646124', NULL, 'activo'),
(106, 'CLIJUAN08082626', 'JUAN MANUEL CARDENAS CURI', 'CLÍNICA CÁRDENAS', '957 361 597 ', '', '', 'JR. JUNIN NRO. 1068 URB. PICHANAKI ', 12, 1203, 120303, 1, '08082626', 'JUAN MANUEL CARDENAS CURI ', '957 361 597 ', '08082626', NULL, 'activo'),
(107, 'CLIHILDA20537195', 'HILDA SOLEDAD MALDONADO FLORES DE SECCE', 'INCAPESA', '948 948 426', '', '', 'PROLONGACIÓN TARMA NRO. 298', 12, 1203, 120301, 1, '20537195', 'HILDA SOLEDAD MALDONADO FLORES DE SECCE ', '948 948 426', '20537195', NULL, 'activo'),
(108, 'CLIKEIKO77502884', 'KEIKO NINOSKA BELLIDO GALVAN', 'POLLERIA ASTORIA', '940 761 353', '', '', 'AV. ANDRES AVELINO CACERES MZ. A LOTE 05 - TAMBOPATA - TAMBOPATA - MADRE DE DIOS', 17, 1701, 170101, 1, '77502884', 'KEIKO NINOSKA BELLIDO GALVAN ', '940 761 353', '77502884', NULL, 'activo'),
(109, 'CLIALFREDO20538465', 'ALFREDO INGA AYAC', 'COPY RAPID', '940455951', '', '', 'JR. ANCASH 311 LA MERCED', 12, 1203, 120301, 1, '20538465', 'ALFREDO INGA AYAC ', ' 940455951', '20538465', NULL, 'activo'),
(110, 'CLIIRMA76444903', 'IRMA STHEFANY OCHOA OBLITAS', 'AMAZONICK', '989825356', '', '', 'JR. ALONSO DE ALVARADO NRO. 430 ', 22, 2201, 220101, 1, '76444903', 'IRMA STHEFANY OCHOA OBLITAS ', '989825356', '76444903', NULL, 'activo'),
(111, 'CLIJONATHAN42641683', 'JONATHAN JOEL GOMEZ BASTIDAS', 'VALIJO', '984 565 868', '', '', 'CALLE ABELARDO QUIÑONEZ MZA. A ', 12, 1203, 120301, 1, '42641683', 'JONATHAN JOEL GOMEZ BASTIDAS ', '984 565 868', '42641683', NULL, 'activo'),
(112, 'CLIMARILU72098560', 'MARILU PINO LECCA', 'SUPERMARKET D PINO', '928 031 217', '', '', 'FREDY ALIAGA CUADRA 5 - TOCACHE - TOCACHE - SAN MARTIN', 22, 2210, 221001, 1, '72098560', 'MARILU PINO LECCA ', '928 031 217', '72098560', NULL, 'activo'),
(113, 'CLIDANY73137817', 'DANY DANIEL VARGAS CHUMBE', 'COMPANY VARGAS E.I.R.L.', '941 868 981', '', '', 'CAR. FEDERICO BASADRE KM. 7200 MZA. 1 LOTE. 4 A.H. MANUEL MALDONADO BEGAZO ', 25, 2501, 250101, 1, '73137817', 'DANY DANIEL VARGAS CHUMBE ', '941 868 981', '73137817', NULL, 'activo'),
(114, 'CLIALEJANDRINA19839102', 'ALEJANDRINA SALVADOR QUINA VDA DE SAICO', 'PLAZA SEIKO', '954089170', '', '', 'BL. VERGANI NRO. 1 (FRENTE PARQUE SANTA ROSA) - CHANCHAMAYO', 12, 1203, 120301, 1, '19839102', 'ALEJANDRINA SALVADOR QUINA VDA DE SAICO ', '954089170', '19839102', NULL, 'activo'),
(115, 'CLIRUBEN42416228', 'RUBEN DARIO MARIN MONTOYA', 'NECSAC', '947 105 452', '', '', 'JR. MASISEA MZA. A LOTE. 21 - YARINACOCHA', 25, 2501, 250105, 1, '42416228', 'RUBEN DARIO MARIN MONTOYA ', '947 105 452', '42416228', NULL, 'activo'),
(116, 'CLILUIS44381563', 'LUIS FREDDY ZORRILLA QUISPE', 'MUNDO FITNESS', '979 038 282', '', '', 'JR. AREQUIPA NRO. 565 URB. LA MERCED - CHANCHAMAYO', 12, 1203, 120301, 1, '44381563', 'LUIS FREDDY ZORRILLA QUISPE ', '979 038 282', '44381563', NULL, 'activo'),
(117, 'CLIELVIS42310674', 'ELVIS WALTER REYMUNDO UGARTE', 'EL BAMBU', '954 968 865', '', '', 'AV PUERTO PICHANAQUI SN A.H PUERTO PICHANAQUI - PICHANAQUI', 12, 1203, 120301, 1, '42310674', 'ELVIS WALTER REYMUNDO UGARTE ', '954 968 865', '42310674', NULL, 'activo'),
(118, 'CLIVILMA23001197', 'VILMA JESUS CANCHAYA RAMOS', 'FISEL', ' 959 638 408', '', '', 'JR. ZAVALA NRO. 621 - CALLERIA', 25, 2501, 250101, 1, '23001197', 'VILMA JESUS CANCHARY RAMOS ', ' 959 638 408', '23001197', NULL, 'activo'),
(119, 'CLIZENON08912381', 'ZENON GUARDIA ASENCIOS', 'CHIFA POLLERIA UNION S.A.C', '980 820 719', '', '', 'AV. UNION NRO. 1360 P.J. TABLADA DE LURIN - VILLA MARIA DEL TRIUNFO - LIMA - LIMA', 15, 1501, 150143, 1, '08912381', 'ZENON GUARDIA ASENCIOS ', '980 820 719', '08912381', NULL, 'activo'),
(120, 'CLIGLADYS16461856', 'GLADYS SECLEN MEL', 'RESTAURANTE CAMPESTRE EL MIRADOR DE JOSÉ', '935 425 485', '', '', 'CARRETERA MARGINAL KM 8 SECTOR RIO COLORADO', 12, 1203, 120301, 1, '16461856', 'GLADYS SECLEN MEL ', '935 425 485', '16461856', NULL, 'activo'),
(121, 'CLIMILLER43050482', 'MILLER ARTURO AGAMA ACUÑA', 'EL TAMBO', '941 925 480', '', '', 'CAR. PANAMERICANA NORTE KM. 91.5 EX_HDA. ', 15, 1506, 150601, 1, '43050482', 'MILLER ARTURO AGAMA ACUÑA ', '941 925 480', '43050482', NULL, 'activo'),
(122, 'CLIABRAHAM10298985', 'ABRAHAM GUTIERREZ LOZANO', 'INDUSTRIAL INNOVATION S.A.C.', '936 960 632', '', '', 'PJ. JACARANDAES NRO. 187 ASC. TARAZONA', 15, 1501, 150118, 1, '10298985', 'ABRAHAM GUTIERREZ LOZANO ', '936 960 632', '10298985', NULL, 'activo'),
(123, 'CLIEDISON44578831', 'EDISON ESPINOZA SULCA', 'MTE.S.A.C', '986 564 592', '', '', 'MZA. A1 LOTE. 14 URB. VALLE DORADO - PICHARI -', 8, 809, 80910, 1, '44578831', 'EDISON ESPINOZA SULCA ', '986 564 592', '44578831', NULL, 'activo'),
(124, 'CLIJOSIAS10741813', 'JOSIAS SANTA CRUZ VASQUEZ', 'GUMER SANTA CRUZ', '957 283 586', '', '', 'JR. ANTONIO BAZO NRO. 553 INT. 7 URB. EL PORVENIR STAND 7- STAND 8 -', 15, 1501, 150115, 1, '10741813', 'KARI ELIZABET CRISOLES SEIS ', '957 283 586', '10741813', NULL, 'activo'),
(125, 'CLILUCHA10466124', 'LUCHA ROSA HERNANDEZ SOLDEVILLA', 'KELYHS KIDS', '947 116 626', '', '', 'JR. ANTONIO BAZO NRO. 741 TDA. 129 D 1ER. PISO - LA VICTORIA - LIMA - LIMA', 15, 1501, 150115, 1, '10466124', 'LUCHA ROSA HERNANDEZ SOLDEVILLA ', '947 116 626', '10466124', NULL, 'activo'),
(126, 'CLIFERNANDO42965514', 'FERNANDO ABEL HUAMANI RAMOS', 'GRUPO MARCONA E.I.R.L.', '941 122 489', '', '', 'AV. FRANCISCO BOLOGNESI NRO. SN - MARCONA - NASCA - ICA', 11, 1103, 110304, 1, '42965514', 'HILARION LLACSAHUACHI DOMINGUEZ ', '941 122 489', '42965514', NULL, 'activo'),
(127, 'CLIJUAN47218441', 'JUAN LUIS LLONTOP SERRANO', 'EL LABORATORIO DROGUERIA BAR', '981 547 646', '', '', 'LA FLORIDA NRO. 500 - URB. SANTA VICTORIA ', 14, 1401, 140101, 1, '47218441', 'JUAN LUIS LLONTOP SERRANO ', '981 547 646', '47218441', NULL, 'activo'),
(128, 'CLIJUBENAL42799542', 'JUBENAL RUPAY VASQUEZ', 'RESTAURANT - POLLERIA - HOTEL EL PARAISO', '959 558 333', '', '', 'CALLE ALFONSO UGARTE MZA. H45 LOTE. 9 INT. 1 OTR. CENTRO HUARMACA - HUARMACA - HUANCABAMBA - PIURA', 20, 2003, 200304, 1, '42799542', 'JUBENAL RUPAY VASQUEZ ', '959 558 333', '42799542', NULL, 'activo'),
(129, 'CLIROSA07867326', 'ROSA JUANA MEJIA MANRIQUE', 'COMERCIAL ENRIQUE Y ROSA', '991 083 941', '', '', 'CALLE URUGUAY NRO. 127 URB. CHORRILLOS - CHORRILLOS - LIMA - LIMA ', 15, 1501, 150108, 1, '07867326', 'ROSA JUANA MEJIA MANRIQUE ', '991 083 941', '07867326', NULL, 'activo'),
(130, 'CLILUIS71029766', 'LUIS ALEJANDRO SILVA PAIMA', 'A1 MOTORS', '941 428 362', '', '', 'AV. SAENZ PEÑA NRO. 472 - CALLERÍA - CORONEL PORTILLO - UCAYALI', 25, 2501, 250101, 1, '71029766', 'LUIS ALEJANDRO SILVA PAIMA ', '941 428 362', '71029766', NULL, 'activo'),
(131, 'CLIAURELIO09350698', 'AURELIO PASCUAL VALLEJOS SOTO', 'PEPE INVERSIONES', '934 574 144', '', '', 'AV. GUARDIA CIVIL NRO. 433 INT. 071, MERCADO COOPERATIVO SANTA ROSA LA CAMPIÑA - CHORRILLOS - LIMA - LIMA', 15, 1501, 150108, 1, '09350698', 'AURELIO PASCUAL VALLEJOS SOTO ', '934 574 144', '09350698', NULL, 'activo'),
(132, 'CLICHRISTIAN41490501', 'CHRISTIAN ADOLFO PATRON ROMAN', 'LIMA BRACKETS - DERMATOLOGIA PERU', '989 093 766', '', '', 'AV. AREQUIPA NRO. 1295 INT. 501 - LIMA - LIMA - LIMA', 15, 1501, 150101, 1, '41490501', 'CHRISTIAN ADOLFO PATRON ROMAN ', '989 093 766', '41490501', NULL, 'activo'),
(133, 'CLIYOSER74442686', 'YOSER ANTONIO PASCUAL VALDERRAMA', 'GRUPO EMPRESARIAL A.P.', '994 826 676 ', '', '', 'AH. SGTO 2DO FLORES T. MZ B3 LT 7 - SAN JUAN DE LURIGANCHO - LIMA - LIMA', 15, 1501, 150132, 1, '74442686', 'JUBENAL RUPAY VASQUEZ ', '994 826 676 ', '74442686', NULL, 'activo'),
(134, 'CLIFAUSTINO45271698', 'FAUSTINO JULCA VERA', 'MODEL FASHION', '971 354 650', '', '', 'JR. SEBASTIAN BARRANCA NRO. 1635 INTERIOR SEMI SOTANO NRO. 09 - LA VICTORIA - LIMA - LIMA', 15, 1501, 150115, 1, '45271698', 'FAUSTINO JULCA VERA ', '971 354 650', '45271698', NULL, 'activo'),
(135, 'CLILADY71924946', 'LADY LIZBETH SOLANO AIRE', 'LA CHOZA RUSTICA', '945 488 807', '', '', 'ESQ. JR. 24 DE SETIEMBRE Y FRANCISO SOLANO S/N - PICHANAKI - CHANCHAMAYO - JUNIN', 12, 1203, 120303, 1, '71924946', 'LADY LIZBETH SOLANO AIRE ', '945 488 807', '71924946', NULL, 'activo'),
(136, 'CLISEGUNDO09636380', 'SEGUNDO MIGUEL GARCIA VASQUEZ', 'HOSPEDAJE HILTONS', '999 114 579', '', '', 'CALLE FAUSTINO MALDONADO NRO. 210 - LOS OLIVOS - LIMA - LIMA', 15, 1501, 150117, 1, '09636380', 'SEGUNDO MIGUEL GARCIA VASQUEZ ', '999 114 579', '09636380', NULL, 'activo'),
(137, 'CLIGREGORIO06994001', 'GREGORIO EXALTACION RAFAEL MISARI', 'ALBERTO RAFAEL SOTO S.A.C', ' 921 808 152', '', '', 'JR. GAMARRA NRO. 1100 - LA VICTORIA - LIMA - LIMA ', 15, 1501, 150115, 1, '06994001', 'GREGORIO EXALTACION AFEL MISARI ', ' 921 808 152', '06994001', NULL, 'activo'),
(138, 'CLIPEDRO41494543', 'PEDRO ALDO CORNEJO PAREDES', 'M & T SOLUCIONES S.A.C.', '980 649 646', '', '', 'AV. 4 DE NOVIEMBRE - PAYET NRO. 541 - INDEPENDENCIA - LIMA - LIMA ', 15, 1501, 150112, 1, '41494543', 'PEDRO ALDO CORNEJO PAREDES ', '980 649 646', '41494543', NULL, 'activo'),
(139, 'CLIBERENISSE71401168', 'BERENISSE DEL CARMEN DIAZ HUAMANI', 'FRESH MARKET', '977 945 688', '', '', 'JR. GENERAL VARELA 1040 - BREÑA - LIMA - LIMA', 15, 1501, 150105, 1, '71401168', 'BERENISSE DEL CARMEN DIAZ HUAMANI ', '977 945 688', '71401168', NULL, 'activo'),
(140, 'CLILUIS07372809', 'LUIS WILLIE CARLOS NOMBERTO', 'HILOS EL FARO', '993 231 221', '', '', 'JR. ITALIA NRO. 1581 A 1ER PISO - LA VICTORIA - LIMA - LIMA', 15, 1501, 150115, 1, '07372809', 'LUIS ALEJANDRO SILVA PAIMA ', '993 231 221', '07372809', NULL, 'activo'),
(141, 'CLICHRISTIAN73617878', 'CHRISTIAN NINA MAMANI', 'MASIVO MARKET', '960 377 607', '', '', 'LEON PINELO NRO. 347 - COMAS - LIMA - LIMA', 15, 1501, 150110, 1, '73617878', 'CHRISTIAN NINA MAMANI ', '960 377 607', '73617878', NULL, 'activo'),
(142, 'CLICHRISMAN46195445', 'CHRISMAN CHARLES RAMOS FLORES', 'HOSTAL EL PARAÍSO', '935 180 807 ', '', '', 'AV. VICTOR MALASQUEZ PARCELA NRO. 9 SEC. 24 DE JUNIO - PACHACAMAC - LIMA - LIMA ', 15, 1501, 150123, 1, '46195445', 'CHRISMAN CHARLES RAMOS FLORES ', '935 180 807 ', '46195445', NULL, 'activo'),
(143, 'CLIDORIS10446969', 'DORIS ESTHER QUISPE PARIONA DE PILLACA', 'FERRETERIA PILLACA', '934 672 685', '', '', 'AV. LAS LOMAS URB. PACHACAMAC MZ. I LOTE 36 BARRIO 1 SECT. 2 IV ETAPA - VILLA EL SALVADOR - LIMA - LIMA', 15, 1501, 150142, 1, '10446969', 'DORIS ESTHER QUISPE PARIONA DE PILLACA ', ' 934 672 685', '10446969', NULL, 'activo'),
(144, 'CLILEONCIO07521193', 'LEONCIO FERNANDEZ HUILLCA', 'SNEIDER', '987 713 254  ', '', '', 'JR. CUZCO NRO. 765  - CERCADO DE LIMA - LIMA - LIMA', 15, 1501, 150101, 1, '07521193', 'LEONCIO FERNANDEZ HUILLCA ', '987 713 254  ', '07521193', NULL, 'activo'),
(145, 'CLIMALETZKI43675065', 'MALETZKI CARBAJAL OTAROLA', 'BOTICA LURENFARMA', '952 189 451', '', '', 'AV. MARISCAL CASTILLA NRO. 309  - HUANTA - AYACUCHO - AYACUCHO', 5, 504, 50401, 1, '43675065', 'MALETZKI CARBAJAL OTOROLA ', '952 189 451', '43675065', NULL, 'activo'),
(146, 'CLINICANDRO04022057', 'NICANDRO CARHUARICRA CRISOSTOMO', 'GOOWILL URBAN TENDENCY - BERIYETH', '941 458 003', '', '', 'JR. ANTONIO BAZO NRO. 741 INT. 326D, GALERIA EL REY DE GAMARRA - LA VICTORIA - LIMA - LIMA', 15, 1501, 150115, 1, '04022057', 'NICANDRO CARHUARICRA CRISOSTOMO ', '941 458 003', '04022057', NULL, 'activo'),
(147, 'CLIJENNIFER71660950', 'JENNIFER MELCY QUISPE ROJAS', 'MR. PIZZA ICA', '913 828 377', '', '', 'AV. EL PARQUE NRO. 548 - LA TINGUIÑA - ICA - ICA', 11, 1101, 110102, 1, '71660950', 'JENNIFER MELCY QUISPE ROJAS ', '913 828 377', '71660950', NULL, 'activo'),
(148, 'CLICARLOS20592102', 'CARLOS TICSE NUÑEZ', 'CHIFA LEN CHI', '927 621 217', '', '', 'AV. MARGINAL NRO. 272 - PICHANAKI - CHANCHAMAYO - JUNÍN', 12, 1203, 120301, 1, '20592102', 'CARLOS TICSE NUÑEZ', '927 621 217', '20592102', NULL, 'activo'),
(149, 'CLISONIA46702213', 'SONIA YAMALI MELENDEZ CABANILLAS', 'SANTA MARIA', '988 800 483', '', '', 'JR. JUAN VELASCON  ALVARADO S/N - NIEVA - CONDORCANQUI - AMAZONAS', 1, 104, 10401, 1, '46702213', 'SONIA YAMALI MELENDEZ CABANILLAS ', '988 800 483', '46702213', NULL, 'activo'),
(150, 'CLIJANETT41228000', 'JANETT ELITA VALLEJOS PEREZ', 'AQUIVA PUBLICIDAD', '967 832 325', '', '', 'AV. ALFREDO MENDIOLA NRO. 6598  - SAN MARTIN DE PORRES - LIMA - LIMA', 15, 1501, 150135, 1, '41228000', 'JANET ELITA VALLEJOS PEREZ ', '967 832 325', '41228000', NULL, 'activo'),
(151, 'CLIJUAN44191613', 'JUAN EDMUNDO CHAPOÑAN CASTAÑEDA', 'COMERCIAL NATHANIEL ', '927 529 585', '', '', 'AV. TOMAS VALLE NRO. 120 - MCDO. CENTRAL FEVACEL - PABELLON K1 PUESTO 11  - INDEPENDENCIA - LIMA - LIMA', 15, 1501, 150112, 1, '44191613', 'JUAN EDMUNDO CHAPOÑAN CASTAÑEDA ', '927 529 585', '44191613', NULL, 'activo'),
(152, 'CLIEVER40004611', 'EVER OMAR CORTEZ AGREDA', 'GRUPO E2CDA', '913 708 742', '', '', 'AV. 28 JULIO S/N SIHUAS - HUARAZ - ANCASH', 2, 201, 20101, 1, '40004611', 'EVER OMAR CORTEZ AGREDA ', '913 708 742', '40004611', NULL, 'activo'),
(153, 'CLIAURELIO08890398', 'AURELIO QUISPE PEREZ', 'AUTO SERVICE', '967149141', '', '', 'CALLE SHAKESPEARE MZ. R LOTE 19 URB. VILLA VICTORIA - SURQUILLO - LIMA - LIMA  ', 15, 1501, 150141, 1, '08890398', 'AURELIO QUISPE PEREZ ', '967149141', '08890398', NULL, 'activo'),
(154, 'CLIWILDER76302551', 'WILDER JUNIOR RABANAL TORRES', 'FABI MODAS ', '988 0446 78', '', '', 'JIRÓN PROGRESO NRO. 419 SAN RAMÓN - CHANCHAMAYO - CHANCHAMAYO - JUNÍN', 12, 1203, 120301, 1, '76302551', 'WILDER JUNIOR RABANAL TORRES ', '988 0446 78', '76302551', NULL, 'activo'),
(155, 'CLIRONALD43234428', 'RONALD MANUEL CORDOVA PINTADO', 'KILLA MARKET', '969 760 375', '', '', 'AV. GOYENECHE NRO. 1700 MIRAFLORES  - AREQUIPA - AREQUIPA', 4, 401, 40101, 1, '43234428', 'RONALD MANUEL CORDOVA PINTADO ', '969 760 375', '43234428', NULL, 'activo'),
(156, 'CLIPERCY16724330', 'PERCY ALFREDO TINOCO LOPEZ', 'TERRANOVA', '978 092 679', '', '', 'LOTE. 39 PARCELA EL BOSQUE - CARABAYLLO - LIMA - LIMA ', 15, 1501, 150106, 1, '16724330', 'PERCY ALFREDO TINOCO LOPEZ ', '978 092 679', '16724330', NULL, 'activo'),
(157, 'CLILUIS75489605', 'LUIS MARCELO ZORRILLA ROSADO', 'TEFI HOME', '960 277 716', '', '', 'PRO. HUANUCO NRO. 1477 URB. EL PORVENIR - LA VICTORIA - LIMA - LIMA ', 15, 1501, 150115, 1, '75489605', 'LUIS MARCELO ZORRILLA ROSADO ', '960 277 716', '75489605', NULL, 'activo'),
(158, 'CLIALONDRA74311512', 'ALONDRA KATERINE CORDOVA TORRES', 'LUBRICENTRO Y CAR WASH LAS PALMAS EIRL', '920 521 478', '', '', 'ANTIGUA PANAMERICANA SUR KM. 574 P.J. SAN MIGUEL - SAN ANDRES - PISCO - ICA ', 11, 1105, 110506, 1, '74311512', 'ALONDRA KATERINE CORDOVA TORRES ', '920 521 478', '74311512', NULL, 'activo'),
(159, 'CLIGLORIA15614091', 'GLORIA ROSALES SANTIBAÑEZ', 'COSMETOLOGIA BAZAR GLORIA', '948 231 849', '', '', 'MERCADO CENTRAL HUACHO K 10-11-12 - HUACHO - HUAURA - LIMA', 15, 1506, 150601, 1, '15614091', 'GLORIA ROSALES SANTIBAÑEZ ', '948 231 849 ', '15614091', NULL, 'activo'),
(160, 'CLIKATHERINE43916175', 'KATHERINE MAYRA ANDREA GARCIA SAMANIEGO', 'PUNTO FERRETERO', '931 731 201', '', '', 'AV. CARLOS VALDERRAMA URB. EL BOSQUE - RIMAC - LIMA - LIMA', 15, 1501, 150128, 1, '43916175', 'KATHERINE MAYRA ANDREA GARCIA SAMANIEGO ', '931 731 201', '43916175', NULL, 'activo'),
(161, 'CLIJESUS40093711', 'JESUS DANIEL GONZALES GOCHE', 'FERRETERIA DANY GOCHE', '951 496 855', '', '', 'SECC. LA ESPERANZA BAJA LOTE 33 - HUARAL - HUARAL - LIMA', 15, 1506, 150601, 1, '40093711', 'JESUS DANIEL GONZALES GOCHE ', '951 496 855', '40093711', NULL, 'activo'),
(162, 'CLILUIS47467140', 'LUIS ALEJANDRO AEDO MENDOZA', 'VANGERS TIENDA', '963 745 805', '', '', 'CALLE TRITOMA NRO. 1056 URB. LAS PALMERAS - LOS OLIVOS - LIMA - LIMA ', 15, 1501, 150117, 1, '47467140', 'LUIS ALEJANDRO AEDO MENDOZA ', '963 745 805', '47467140', NULL, 'activo'),
(163, 'CLIMANUELA40573079', 'MANUELA VALLEJOS YOVERA', 'RESTAURANTE CAMPESTRE EL MIRADOR', '969 622 121', '', '', 'PUENTE REYTER KM. 12 - LA MERCED - CHANCHAMAYO - JUNIN', 12, 1203, 120301, 1, '40573079', 'MANUELA VALLEJOS YOVERA ', '969 622 121', '40573079', NULL, 'activo'),
(164, 'CLIKARINA43731279', 'KARINA ALVAREZ CHUQUIMBALQUI', 'LA ESQUINA BODEGA LICORERIA', '993 769 868', '', '', 'JR. SERGIO BERNALES NRO. 289 - SAN MARTÍN DE PORRES - LIMA - LIMA', 15, 1501, 150135, 1, '43731279', 'KARINA ALVAREZ CHUQUIMBALQUI ', '993 769 868', '43731279', NULL, 'activo'),
(165, 'CLIYULEICI72635583', 'YULEICI ROJAS CARHUAJULCA', 'ZAPATERIA RAFAZZ PERÚ', '966 513 180', '', '', 'AV. CHACHAPOYAS NRO. 2014 - BAGUA GRANDE - UTCUBAMBA - AMAZONAS', 1, 107, 10701, 1, '72635583', 'YALEICI ROJAS CARHUAJULCA ', '966 513 180', '72635583', NULL, 'activo'),
(166, 'CLIMILAGROS43438099', 'MILAGROS ELIZABETH LANDEO MACHUCA', 'MARKET PLAZA MONTAÑA ', '982 686 161', '', '', 'AV. MARGINAL NRO. 252A URB. PICHANAKI - PICHANAQUI - CHANCHAMAYO - JUNIN ', 12, 1203, 120303, 1, '43438099', 'MILAGROS ELIZABETH LANDEO MACHUCA ', '982 686 161', '43438099', NULL, 'activo'),
(167, 'CLIJHON43618565', 'JHON CRISTHIAN VILCHEZ RAQUI', 'MANIQUIES SALVADOR', '924 710 367', '', '', 'PJ. PEDRO CANEPA NRO. 119 URB. EL PORVENIR - LA VICTORIA - LIMA - LIMA', 15, 1501, 150115, 1, '43618565', 'JHON CRISTHIAN VILCHEZ RAQUI ', '924 710 367', '43618565', NULL, 'activo'),
(168, 'CLIEDITH43695824', 'EDITH MALLQUI QUISPE', 'CHIFA POLLERIA GIOVANI', '913 559 369', '', '', 'MZ. A LOTE. 2  LOS CLAVELES PARTE ALTA, MANCHAY - PACHACAMAC - LIMA - LIMA', 15, 1501, 150123, 1, '43695824', 'EDITH MALLQUI QUISPE ', '913 559 369', '43695824', NULL, 'activo'),
(169, 'CLIHECTOR47197528', 'HECTOR DOMINGUEZ ACARO', 'LA BARRA ', '927 338 384', '', '', 'AV. BOLIVIA NRO. 160 INT. 101 - LIMA - LIMA - LIMA', 15, 1501, 150101, 1, '47197528', 'HECTOR DOMINGUEZ ACARO ', '927 338 384', '47197528', NULL, 'activo'),
(170, 'CLIMARIA09211158', 'MARIA ELENA GARCIA ABAD', 'BODEGA MARITA', '991 463 776', '', '', 'CALLE MARGARITA MZ. C6 LOTE 25, URB. CEDROS DE VILLA - CHORRILLOS - LIMA - LIMA', 15, 1501, 150108, 1, '09211158', 'MARIA ELENA GARCIA ABAD ', '991 463 776', '09211158', NULL, 'activo'),
(171, 'CLIMARITZA09647070', 'MARITZA CRISANTO SCHULER', 'BODEGA MINI MARKET FABIAN', '991 763 688', '', '', 'CALLE MANTARO NRO. 185 URB SANTA LUISA - LA PERLA - CALLAO - CALLAO', 7, 701, 70104, 1, '09647070', 'MARITZA CRISANTO SCHULER ', '991 763 688', '09647070', NULL, 'activo'),
(172, 'CLIZELMA29525128', 'ZELMA CECILIA MONTESINOS ROJAS', 'MINI MARKET EXPRESS', '956 494 859', '', '', 'AV. VICTOR ANDRES BELAUNDE NRO. 461 - YANAHUARA - AREQUIPA - AREQUIPA', 4, 401, 40126, 1, '29525128', 'ZELMA CECILIA MONTESINOS ROJAS ', '956 494 859', '29525128', NULL, 'activo'),
(173, 'CLICIPRIANA06653623', 'CIPRIANA EDILBERTA PINTO FLORES', 'BODEGA - BAZAR EL METRITO', '989439724', '', '', 'CALLE ISLA SANTA CRUZ MZ. C-1  LT. 38 URB. LOS CEDROS DE VILLA - CHORRILLOS - LIMA - LIMA', 15, 1501, 150108, 1, '06653623', 'CIPRIANA EDILBERTA PINTO FLORES ', '989439724', '06653623', NULL, 'activo'),
(174, 'CLIRAUL08296159', 'RAUL ROCA CONDORI', 'CALZATURA RAKER ', '927 831 448 ', '', '', 'JR. HUALLAGA NRO. 399 - LIMA - LIMA - LIMA', 15, 1501, 150101, 1, '08296159', 'RAUL ROCA CONDORI ', '927 831 448 ', '08296159', NULL, 'activo'),
(175, 'CLIOMAR80489861', 'OMAR ADALBERTO HUAMANI CUETO', 'RESTAURANTE CEVICHERIA ALAN', '949 730 096', '', '', 'JR. MIROQUESADA NRO. 733 - CERCADO DE LIMA - LIMA - LIMA', 15, 1501, 150101, 1, '80489861', 'OMAR ADALBERTO HUAMANI CUETO ', '949 730 096', '80489861', NULL, 'activo'),
(176, 'CLIJOEL45169303', 'JOEL CHAPOÑAN EVANGELISTA', 'ANIMAL STORE', '933 146 651', '', '', 'AV. REVOLUCIÓN NRO. 1631 SEC. 2 GRUPO 8 - VILLA EL SALVADOR - LIMA - LIMA', 15, 1501, 150101, 1, '45169303', 'JOEL CHAPOÑAN EVANGELISTA ', '933 146 651', '45169303', NULL, 'activo'),
(177, 'CLIJOSE46427439', 'JOSE ORLANDO SANDOVAL INOÑAN', 'OMARY FASHION', '918 995 894  ', '', '', 'CALLE SEBASTIAN BARRANCA NRO. 1678 INT. 11-12, 1ER. PISO - LA VICTORIA - LIMA - LIMA', 15, 1501, 150115, 1, '46427439', 'JOEL ORLANDO SANDOVAL INOÑAN ', '918 995 894  ', '46427439', NULL, 'activo'),
(178, 'CLIRUBEN09000333', 'RUBEN QUISPE HUAMANI', 'FERRETERÍA OCOBAMBINO', '960 249 799', '', '', 'AV. JOSÉ CARLOS MARIATEGUI NRO. 812 - VILLA MARIA DEL TRIUNFO - LIMA - LIMA', 15, 1501, 150143, 1, '09000333', 'RUBEN QUISPE HUAMANI ', '960 249 799', '09000333', NULL, 'activo'),
(179, 'CLIWILFREDO08886954', 'WILFREDO CUBA CHECNES', 'KAWI ', '983 262 433 ', '', '', 'JR. PROLONGACION GAMARRA NRO. 747 - LA VICTORIA - LIMA - LIMA', 15, 1501, 150115, 1, '08886954', 'WILFREDO CUBA CHECNES ', '983 262 433', '08886954', NULL, 'activo'),
(180, 'CLIALEJANDRINA23940595', 'ALEJANDRINA VEGA HUANCA', 'MINIMARKET SANTA ISABEL', '933193524', '', '', 'AV. FITZCARRALD NRO. 622 - PUERTO MALDONADO - MADRE DE DIOS - MADRE DE DIOS', 17, 1701, 170101, 1, '23940595', 'ALEJANDRINA VEGA HUANCA ', '933193524', '23940595', NULL, 'activo'),
(181, 'CLIJOSE70394675', 'JOSE LUIS VARA MARQUEZ', 'CONSTRUMAT ', '930 261 653', '', '', 'CALLE LIMA NRO. 310 - NASCA - NASCA - ICA ', 11, 1103, 110301, 1, '70394675', 'JOSE LUIS VARA MARQUEZ ', '930 261 653', '70394675', NULL, 'activo'),
(182, 'CLIALMENDRA76658902', 'ALMENDRA MARSHORY ASTRY MARQUEZ CEVALLOS', 'MAGIC TATTOO SUPPLY', '960 361 858', '', '', 'JR.DE LA UNIÓN N° 518 TIENDA 113 - CERCADO DE LIMA - LIMA', 15, 1501, 150101, 1, '76658902', 'ALMENDRA MARSHORY ASTRY MARQUEZ CEVALLOS ', '960 361 858', '76658902', NULL, 'activo'),
(183, 'CLIGREGORIO09888491', 'GREGORIO NINA CCORIMANYA', 'INVERSIONES RALU', '998 103 473  ', '', '', 'AV. GARCILAZO DE LA VEGA NRO. 1251 INT. 215 GALERIA COMPUPLAZA - LIMA - LIMA - LIMA', 15, 1501, 150101, 1, '09888491', 'GREGORIO NINA CCORIMANYA ', '998 103 473 ', '09888491', NULL, 'activo'),
(184, 'CLIPEDRO43970817', 'PEDRO LUIS GARCIA PALOMINO', 'VILLA LUNA ', '942 079 312', '', '', 'CALLE JOSE OLAYA MZA. 24A LOTE. 3 EX FUNDO MARQUEZ - CALLAO - PROV. CONST. DEL CALLAO', 7, 701, 70101, 1, '43970817', 'PEDRO LUIS GARCIA PALOMINO ', '942 079 312', '43970817', NULL, 'activo'),
(185, 'CLIRINCON00310740', 'RINCON RINCON SERGIO ANDRES', 'BACKUS YA', '986677911', '', '', 'AV. NICOLÁS AYLLÓN NRO. 3986 - ATE - LIMA - LIMA ', 15, 1501, 150103, 1, '00310740', 'RINCON RINCON SERGIO ANDRES ', '986677911', '00310740', NULL, 'activo'),
(186, 'CLIANGELICA01695951', 'ANGELICA ORDOÑEZ LOPE', 'ORDOÑEZ LOPE ANGELICA', '960043360', '', '', 'CALLE SUIZA S/N - OLLACHEA - CARABAYA - PUNO', 21, 2103, 210308, 1, '01695951', 'ANGELICA ORDOÑEZ LOPE ', '960043360', '01695951', NULL, 'activo'),
(187, 'CLIJUAN15967838', 'JUAN RAMON INAFUKO INAFUKO', 'TOSHIMEY', '924961533', '', '', 'CALLE DERECHA NRO. 354, 2DO PISO - HUARAL - HUARAL - LIMA', 15, 1506, 150601, 1, '15967838', 'JUAN RAMON INAFUKO INAFUKO ', '924961533', '15967838', NULL, 'activo'),
(188, 'CLIVICTOR10532614', 'VICTOR MANUEL TREJO RODRIGUEZ', 'HOSTAL \"LA JOYA\"', '947033839', '', '', 'AV. LOS ALISOS NRO. 1656 LOS JAZMINES DEL NARANJAL - SAN MARTÍN DE PORRES - LIMA - LIMA', 15, 1501, 150135, 1, '10532614', 'VICTOR MANUEL TREJO RODRIGUEZ ', '947033839', '10532614', NULL, 'activo'),
(189, 'CLIJORGE45053078', 'JORGE ENRIQUE SEDANO HURTADO', 'INVERSIONES SANTA CARMEN SAC', '935 696 007', '', '', 'JR. RICARDO PALMA NRO. 987 - SATIPO - JUNIN', 12, 1206, 120601, 1, '45053078', 'JORGE ENRIQUE SEDANO HURTADO ', '935 696 007', '45053078', NULL, 'activo'),
(190, 'CLICINDY44802078', 'CINDY LLERENA QUISPE CORDOVA DE PATROCINIO', 'EXCLUSIVIDADES \"QUICO\"', '992 444 524', '', '', 'JR. ANTONIO BAZO NRO. 767 TDA. 118 -B 1ER PISO - LA VICTORIA - LIMA - LIMA', 15, 1501, 150115, 1, '44802078', 'CINDY LLERENA QUISPE CORDOVA DE PATROCINIO', ' 992 444 524', '44802078', NULL, 'activo'),
(191, 'CLILUIS46757309', 'LUIS GILBERTO CRUZ TALAVERA', 'FERRETERIA CRUTMAX', '977 905 561', '', '', 'JR. COBALTO MZ. W - LOTE 25, SAN HILARION - SAN JUAN DE LURIGANCHO - LIMA - LIMA', 15, 1501, 150132, 1, '46757309', 'LUIS GILBERTO CRUZ TALAVERA ', '977 905 561', '46757309', NULL, 'activo'),
(192, 'CLIVILLACIS00100928', 'VILLACIS MARCA JOHANNA VERONICA', 'EDUARDO’S', '949333704', '', '', 'AV. PERU NRO. 3334 - SAN MARTÍN DE PORRES - LIMA - LIMA', 15, 1501, 150135, 1, '00100928', 'VILLACIS MARCA JOHANNA VERONICA', '949333704', '00100928', NULL, 'activo'),
(193, 'CLIANSELMO15965613', 'ANSELMO HERRERA YANAC', 'GOLOSINAS EXCLUSIVAS D&K', '924961533', '', '', 'AV. SOLAR NRO. 529 INT. PIS1 - HUARAL - HUARAL - LIMA', 15, 1506, 150601, 1, '15965613', 'ANSELMO HERRERA YANAC', '924961533', '15965613', NULL, 'activo'),
(194, 'CLITEFANI72692620', 'TEFANI PAOLA SANCHEZ PURIZACA', 'ALMA COFFEE AND BEER', '926 117 273', '', '', 'AV. LOS ANGELES NRO. 469 URB. SANTA LUZMILA - COMAS - LIMA - LIMA', 15, 1501, 150110, 1, '72692620', 'TEFANI PAOLA SANCHEZ PURIZACA ', '926 117 273', '72692620', NULL, 'activo'),
(195, 'CLICIRO22101015', 'CIRO VIDAL VELASQUEZ HUEZA', 'LA CHINITA', '920 088 618  ', '', '', 'AV. PANAMERICANA NRO. 215 - CHALHUANCA - AYMARAES - APURIMAC', 3, 304, 30401, 1, '22101015', 'CIRO VIDAL VELASQUEZ HUEZA ', '920 088 618 ', '22101015', NULL, 'activo'),
(196, 'CLIMILTON43247232', 'MILTON CESAR ANCCASI TORRES', 'ESTRELLA DEL MAR', '936 531 634  ', '', '', 'AV. JAIME BAUSATE Y MESA NRO. 1694 - URB. EL PORVENIR  - LIMA - LIMA - LIMA', 15, 1501, 150101, 1, '43247232', 'MILTON CESAR ANCCASI TORRES ', '936 531 634 ', '43247232', NULL, 'activo'),
(197, 'CLICARLOS45493974', 'CARLOS ALBERTO NINA PAULLO', 'RESTAURANTE YACUMAMA', '966 508 999', '', '', 'AV. CALIXTO SANCHEZ H-06 - SANTA TERESA - LA CONVENCIÓN - CUSCO', 8, 801, 80101, 1, '45493974', 'CARLOS ALBERTO NINA PAULLO ', '966 508 999', '45493974', NULL, 'activo'),
(198, 'CLIGLADYS43991705', 'GLADYS AYUQUE HERRERA', 'ILED CENTER', '988 431 259', '', '', 'JR. LOS OROPELES MZA. H LOTE. 6 URB. SAN RAMON - SAN RAMON - CHANCHAMAYO - JUNIN', 12, 1203, 120301, 1, '43991705', 'GLADYS AYUQUE HERRERA ', '988 431 259   ', '43991705', NULL, 'activo'),
(199, 'CLIJUNIOR45943662', 'JUNIOR EDUARDO OSORIO MORENO', 'DICOUS BIENESTAR SOLO PARA TI', '993073249', '', '', 'LIMA LIMA LIMA ', 15, 1501, 150101, 1, '45943662', 'JUNIOR EDUARDO OSORIO MORENO ', '993073249', '45943662', NULL, 'activo'),
(200, 'CLISILVA06750564', 'SILVA MALACHE OSCAR SANTIAGO', 'PIZZA BRAVA', '995 505 548', '', 'piasilvapolar1708@gmail.com', 'Av. Felipe Arancibia Nro. 486 - Rímac - Lima - Lima', 15, 1501, 150101, 1, '06750564', 'NO HAY CONTACTO', '000000000', '00000000', NULL, 'activo'),
(201, 'CLIHILARIO42201063', 'HILARIO REMUZGO ROXANA', 'HERRA CENTER', '945 743 547', '', 'ventas@herracentersac.com', 'AV. LAS GAVIOTAS NRO. 139 - LIMA - LIMA', 15, 1501, 150101, 1, '42201063', 'NO HAY CONTACTO', '000000000', '00000000', NULL, 'activo'),
(202, 'CLIAYALA73171407', 'AYALA QUINTANILLA JEAN MARVIN', 'MR. PIZZA', '938375870', '', '', 'AV. EL PARQUE NRO. 548 DPTO. 1 C.P. LA TINGUIÑA ZN. B - LA TINGUIÑA - ICA - ICA', 15, 1501, 150101, 1, '73171407', 'NO HAY CONTACTO', '000000000', '00000000', NULL, 'activo'),
(203, 'CLIDILTHER71202141', 'DILTHER GERSON TORRES HUAMAN', 'MAVI SHOE SHOP', '986805101', '', 'Latorreemmy@hotmail.com', ' JIRÓN MARISCAL CASTILLA - OXAPAMPA - OXAPAMPA - PASCO ', 15, 1501, 150101, 1, '71202141', 'NO HAY CONTACTO', '000000000', '00000000', NULL, 'activo');
INSERT INTO `clientes` (`idCliente`, `codCliente`, `nombreCliente`, `nombreComercial`, `celularCliente`, `telefonoCliente`, `emailCliente`, `direccionCliente`, `idDepartamento`, `idProvincia`, `idDistrito`, `idTipoDocumento`, `nroDocumento`, `nombreContacto`, `nroContacto`, `nroDocContacto`, `emailContacto`, `estado`) VALUES
(204, 'CLIASDASDASDASDASDAS73058107', 'ALEJANDRO JESUS HERMITAÑO YCHPAS', 'HY S.A.C', '972557902', '3217855', 'jesus.hy.96@gmail.com', 'Calle Las pimpinelas Mz Z lote 14', 15, 1501, 150111, 1, '73058107', 'NO HAY CONTACTO', '000000000', '00000000', NULL, 'activo');

-- --------------------------------------------------------

--
-- Estructura de tabla para la tabla `clientes_servicios`
--

CREATE TABLE `clientes_servicios` (
  `idClienteServicio` int(11) NOT NULL,
  `fechaRegistro` datetime DEFAULT CURRENT_TIMESTAMP,
  `fechaInicioServicio` date DEFAULT NULL,
  `idServicio` int(11) NOT NULL,
  `idCliente` int(11) NOT NULL,
  `tiempoContrato` int(11) NOT NULL,
  `idUsuario` int(11) NOT NULL,
  `idDepartamento` int(11) NOT NULL,
  `idProvincia` int(11) NOT NULL,
  `idDistrito` int(11) NOT NULL,
  `idafectacionigv` int(11) DEFAULT '1',
  `estadoClienteServicio` varchar(100) NOT NULL DEFAULT 'activo',
  `motivoSuspencion` text,
  `idUsuarioSuspende` int(11) DEFAULT NULL,
  `fechaSuspencion` date DEFAULT NULL,
  `idUsuarioElimina` varchar(5) DEFAULT NULL,
  `fechaEliminacion` date DEFAULT NULL
) ENGINE=InnoDB DEFAULT CHARSET=latin1;

--
-- Volcado de datos para la tabla `clientes_servicios`
--

INSERT INTO `clientes_servicios` (`idClienteServicio`, `fechaRegistro`, `fechaInicioServicio`, `idServicio`, `idCliente`, `tiempoContrato`, `idUsuario`, `idDepartamento`, `idProvincia`, `idDistrito`, `idafectacionigv`, `estadoClienteServicio`, `motivoSuspencion`, `idUsuarioSuspende`, `fechaSuspencion`, `idUsuarioElimina`, `fechaEliminacion`) VALUES
(1, '2022-08-01 09:58:46', '2022-04-22', 1, 2, 12, 93, 3, 302, 30202, 1, 'activo', NULL, NULL, NULL, NULL, NULL),
(2, '2022-08-01 09:59:01', '2022-01-22', 2, 3, 12, 93, 5, 502, 50202, 1, 'activo', NULL, NULL, NULL, NULL, NULL),
(3, '2022-08-01 09:59:19', '2022-02-22', 3, 4, 12, 93, 8, 804, 80403, 1, 'activo', NULL, NULL, NULL, NULL, NULL);

-- --------------------------------------------------------

--
-- Estructura de tabla para la tabla `comprobantes`
--

CREATE TABLE `comprobantes` (
  `idComprobante` int(11) NOT NULL,
  `nombreComprobante` varchar(50) NOT NULL,
  `estadoComprobante` varchar(50) NOT NULL DEFAULT 'activo',
  `idTipoComprobante` varchar(10) DEFAULT NULL
) ENGINE=InnoDB DEFAULT CHARSET=latin1;

--
-- Volcado de datos para la tabla `comprobantes`
--

INSERT INTO `comprobantes` (`idComprobante`, `nombreComprobante`, `estadoComprobante`, `idTipoComprobante`) VALUES
(1, 'BOLETA', 'activo', '03'),
(2, 'FACTURA', 'activo', '01'),
(3, 'TICKET', 'activo', '02');

-- --------------------------------------------------------

--
-- Estructura de tabla para la tabla `currency`
--

CREATE TABLE `currency` (
  `idcurrency` int(11) NOT NULL,
  `currencyISO` varchar(10) NOT NULL,
  `lenguaje` varchar(10) NOT NULL,
  `nombreCurrency` varchar(50) NOT NULL,
  `moneda` varchar(50) NOT NULL,
  `simbolo` varchar(10) NOT NULL
) ENGINE=InnoDB DEFAULT CHARSET=latin1;

--
-- Volcado de datos para la tabla `currency`
--

INSERT INTO `currency` (`idcurrency`, `currencyISO`, `lenguaje`, `nombreCurrency`, `moneda`, `simbolo`) VALUES
(7, 'PEN', 'ES', 'SOLES', 'PEN', 'S/.');

-- --------------------------------------------------------

--
-- Estructura de tabla para la tabla `datos_empresa`
--

CREATE TABLE `datos_empresa` (
  `idDatosEmpresa` int(255) NOT NULL,
  `razonSocial` varchar(100) NOT NULL,
  `nombreComercial` varchar(100) DEFAULT NULL,
  `propietario` varchar(255) NOT NULL,
  `numeroNit` varchar(255) NOT NULL,
  `numeroRuc` varchar(255) NOT NULL,
  `porcentajeIVA` varchar(255) NOT NULL,
  `porcentajeRetencion` varchar(255) NOT NULL,
  `montoRetencion` varchar(255) NOT NULL,
  `direccionEmpresa` varchar(255) NOT NULL,
  `telefono` varchar(30) NOT NULL,
  `celular` varchar(20) NOT NULL,
  `email` varchar(30) NOT NULL,
  `logoEmpresa` varchar(255) NOT NULL,
  `idcurrency` int(11) NOT NULL
) ENGINE=InnoDB DEFAULT CHARSET=latin1;

--
-- Volcado de datos para la tabla `datos_empresa`
--

INSERT INTO `datos_empresa` (`idDatosEmpresa`, `razonSocial`, `nombreComercial`, `propietario`, `numeroNit`, `numeroRuc`, `porcentajeIVA`, `porcentajeRetencion`, `montoRetencion`, `direccionEmpresa`, `telefono`, `celular`, `email`, `logoEmpresa`, `idcurrency`) VALUES
(1, 'ASESORANDO PERÚ EIRL', 'SIGEFAC PERÚ', 'ASESORANDO PERÚ EIRL', '41861331', '20602881807', '18.00', '0.00', '0.00', 'AV. INCA GARCILASO DE LA VEGA NRO. 1348 OF. 3A - 101A - LIMA - LIMA - LIMA', '(01) 732 1293', '928 085 229', 'informes@sigefac.com', '../assets/image/logos/alejandroLogo - Sigefac Perú (2).jpg', 7);

-- --------------------------------------------------------

--
-- Estructura de tabla para la tabla `departamentos`
--

CREATE TABLE `departamentos` (
  `idDepartamento` int(11) NOT NULL,
  `nombreDepa` varchar(50) NOT NULL
) ENGINE=InnoDB DEFAULT CHARSET=latin1;

--
-- Volcado de datos para la tabla `departamentos`
--

INSERT INTO `departamentos` (`idDepartamento`, `nombreDepa`) VALUES
(1, 'Amazonas'),
(2, 'Áncash'),
(3, 'Apurímac'),
(4, 'Arequipa'),
(5, 'Ayacucho'),
(6, 'Cajamarca'),
(7, 'Callao'),
(8, 'Cusco'),
(9, 'Huancavelica'),
(10, 'Huánuco'),
(11, 'Ica'),
(12, 'Junín'),
(13, 'La Libertad'),
(14, 'Lambayeque'),
(15, 'Lima'),
(16, 'Loreto'),
(17, 'Madre de Dios'),
(18, 'Moquegua'),
(19, 'Pasco'),
(20, 'Piura'),
(21, 'Puno'),
(22, 'San Martín'),
(23, 'Tacna'),
(24, 'Tumbes'),
(25, 'Ucayali');

-- --------------------------------------------------------

--
-- Estructura de tabla para la tabla `detalle_pensiones`
--

CREATE TABLE `detalle_pensiones` (
  `idDetallePensiones` int(11) NOT NULL,
  `idClienteServicio` int(11) NOT NULL,
  `fechaEmisionRecibo` date DEFAULT NULL,
  `fechaPago` date DEFAULT NULL,
  `fechaVencimiento` date DEFAULT NULL,
  `fechaPagoRealizado` datetime DEFAULT NULL,
  `fechaRegistro` datetime DEFAULT NULL,
  `detallePago` text,
  `tipoPago` varchar(255) DEFAULT NULL,
  `banco` varchar(30) DEFAULT NULL,
  `nroOperacion` varchar(13) DEFAULT NULL,
  `nroDocumentoPaga` varchar(13) DEFAULT NULL,
  `clientePaga` varchar(50) DEFAULT NULL,
  `direccionPaga` varchar(250) DEFAULT NULL,
  `serieComprobante` varchar(50) DEFAULT NULL,
  `numeroComprobante` varchar(255) DEFAULT NULL,
  `tipoComprobante` varchar(255) DEFAULT NULL,
  `precioSinIGV` decimal(10,2) DEFAULT NULL,
  `montoIGV` decimal(10,2) DEFAULT NULL,
  `exento` decimal(10,2) DEFAULT '0.00',
  `retenido` decimal(10,2) DEFAULT '0.00',
  `totalPagar` decimal(10,2) DEFAULT NULL,
  `totalLetras` varchar(255) DEFAULT NULL,
  `pagoEfectivo` decimal(10,2) DEFAULT NULL,
  `pago_tarjeta` decimal(10,2) DEFAULT NULL,
  `cambioVuelto` decimal(10,2) DEFAULT NULL,
  `idUsuario` int(11) NOT NULL,
  `idCajero` int(11) DEFAULT NULL,
  `idSucursal` int(11) DEFAULT NULL,
  `estadoSunat` varchar(10) DEFAULT NULL,
  `mensajeSunat` varchar(255) DEFAULT NULL,
  `estadoPago` varchar(255) DEFAULT 'pendiente',
  `fechaCancelacion` datetime DEFAULT NULL,
  `estadoServicio` varchar(255) DEFAULT NULL,
  `precioServicio` decimal(10,2) DEFAULT NULL,
  `mora` decimal(10,2) DEFAULT '0.00',
  `recorte` decimal(10,2) DEFAULT '0.00',
  `idafectacionigv` int(11) DEFAULT NULL,
  `estadoPension` varchar(50) DEFAULT 'pendiente',
  `motivoAnulacion` varchar(255) DEFAULT NULL
) ENGINE=InnoDB DEFAULT CHARSET=latin1;

--
-- Volcado de datos para la tabla `detalle_pensiones`
--

INSERT INTO `detalle_pensiones` (`idDetallePensiones`, `idClienteServicio`, `fechaEmisionRecibo`, `fechaPago`, `fechaVencimiento`, `fechaPagoRealizado`, `fechaRegistro`, `detallePago`, `tipoPago`, `banco`, `nroOperacion`, `nroDocumentoPaga`, `clientePaga`, `direccionPaga`, `serieComprobante`, `numeroComprobante`, `tipoComprobante`, `precioSinIGV`, `montoIGV`, `exento`, `retenido`, `totalPagar`, `totalLetras`, `pagoEfectivo`, `pago_tarjeta`, `cambioVuelto`, `idUsuario`, `idCajero`, `idSucursal`, `estadoSunat`, `mensajeSunat`, `estadoPago`, `fechaCancelacion`, `estadoServicio`, `precioServicio`, `mora`, `recorte`, `idafectacionigv`, `estadoPension`, `motivoAnulacion`) VALUES
(1, 1, '2022-04-20', '2022-04-22', '2022-04-25', '2022-08-01 12:09:32', '2022-08-01 09:58:46', 'Servicio de: POS + FACTURACIÓN', 'efectivo', NULL, '', '44485085', 'MAYRA LUISA BACA ALEJOS', 'Lima', 'TTK1', '96', 'TICKET', '63.56', '11.44', '0.00', '0.00', '75.00', 'Setenta y cinco 00/100 SOLES', '100.00', '0.00', '25.00', 93, 4, 5, NULL, NULL, 'pagado', NULL, NULL, '75.00', '0.00', '0.00', 1, 'pagado', NULL),
(2, 1, '2022-05-20', '2022-05-22', '2022-05-25', '2022-08-01 12:10:57', '2022-08-01 09:58:46', 'Servicio de: POS + FACTURACIÓN + mora + reconexion', 'efectivo', NULL, '', '44485085', 'MAYRA LUISA BACA ALEJOS', 'Lima', 'TTK1', '97', 'TICKET', '105.93', '19.07', '0.00', '0.00', '125.00', 'Ciento veinticinco 00/100 SOLES', '130.00', '0.00', '5.00', 93, 4, 5, NULL, NULL, 'pagado', NULL, NULL, '75.00', '30.00', '20.00', 1, 'pagado', NULL),
(3, 1, '2022-06-20', '2022-06-22', '2022-06-25', '2022-08-01 12:09:50', '2022-08-01 09:58:46', 'Servicio de: POS + FACTURACIÓN', 'efectivo', NULL, '', '44485085', 'MAYRA LUISA BACA ALEJOS', 'Lima', 'BBB1', '100', 'BOLETA', '63.56', '11.44', '0.00', '0.00', '75.00', 'Setenta y cinco 00/100 SOLES', '80.00', '0.00', '5.00', 93, 4, 5, 'ok', 'La Boleta numero BBB1-00000100, ha sido aceptada', 'pagado', NULL, NULL, '75.00', '0.00', '0.00', 1, 'pagado', NULL),
(4, 1, '2022-07-20', '2022-07-22', '2022-07-25', NULL, '2022-08-01 09:58:46', 'Servicio de: POS + FACTURACIÓN', NULL, NULL, NULL, NULL, NULL, NULL, NULL, NULL, NULL, NULL, NULL, '0.00', '0.00', NULL, NULL, NULL, NULL, NULL, 93, NULL, NULL, NULL, NULL, 'pendiente', NULL, NULL, '75.00', '0.00', '0.00', 1, 'pendiente', NULL),
(5, 1, '2022-08-20', '2022-08-22', '2022-08-25', NULL, '2022-08-01 09:58:46', 'Servicio de: POS + FACTURACIÓN', NULL, NULL, NULL, NULL, NULL, NULL, NULL, NULL, NULL, NULL, NULL, '0.00', '0.00', NULL, NULL, NULL, NULL, NULL, 93, NULL, NULL, NULL, NULL, 'pendiente', NULL, NULL, '75.00', '0.00', '0.00', 1, 'pendiente', NULL),
(6, 1, '2022-09-20', '2022-09-22', '2022-09-25', NULL, '2022-08-01 09:58:46', 'Servicio de: POS + FACTURACIÓN', NULL, NULL, NULL, NULL, NULL, NULL, NULL, NULL, NULL, NULL, NULL, '0.00', '0.00', NULL, NULL, NULL, NULL, NULL, 93, NULL, NULL, NULL, NULL, 'pendiente', NULL, NULL, '75.00', '0.00', '0.00', 1, 'pendiente', NULL),
(7, 1, '2022-10-20', '2022-10-22', '2022-10-25', NULL, '2022-08-01 09:58:46', 'Servicio de: POS + FACTURACIÓN', NULL, NULL, NULL, NULL, NULL, NULL, NULL, NULL, NULL, NULL, NULL, '0.00', '0.00', NULL, NULL, NULL, NULL, NULL, 93, NULL, NULL, NULL, NULL, 'pendiente', NULL, NULL, '75.00', '0.00', '0.00', 1, 'pendiente', NULL),
(8, 1, '2022-11-20', '2022-11-22', '2022-11-25', NULL, '2022-08-01 09:58:46', 'Servicio de: POS + FACTURACIÓN', NULL, NULL, NULL, NULL, NULL, NULL, NULL, NULL, NULL, NULL, NULL, '0.00', '0.00', NULL, NULL, NULL, NULL, NULL, 93, NULL, NULL, NULL, NULL, 'pendiente', NULL, NULL, '75.00', '0.00', '0.00', 1, 'pendiente', NULL),
(9, 1, '2022-12-20', '2022-12-22', '2022-12-25', NULL, '2022-08-01 09:58:46', 'Servicio de: POS + FACTURACIÓN', NULL, NULL, NULL, NULL, NULL, NULL, NULL, NULL, NULL, NULL, NULL, '0.00', '0.00', NULL, NULL, NULL, NULL, NULL, 93, NULL, NULL, NULL, NULL, 'pendiente', NULL, NULL, '75.00', '0.00', '0.00', 1, 'pendiente', NULL),
(10, 1, '2023-01-20', '2023-01-22', '2023-01-25', NULL, '2022-08-01 09:58:46', 'Servicio de: POS + FACTURACIÓN', NULL, NULL, NULL, NULL, NULL, NULL, NULL, NULL, NULL, NULL, NULL, '0.00', '0.00', NULL, NULL, NULL, NULL, NULL, 93, NULL, NULL, NULL, NULL, 'pendiente', NULL, NULL, '75.00', '0.00', '0.00', 1, 'pendiente', NULL),
(11, 1, '2023-02-20', '2023-02-22', '2023-02-25', NULL, '2022-08-01 09:58:46', 'Servicio de: POS + FACTURACIÓN', NULL, NULL, NULL, NULL, NULL, NULL, NULL, NULL, NULL, NULL, NULL, '0.00', '0.00', NULL, NULL, NULL, NULL, NULL, 93, NULL, NULL, NULL, NULL, 'pendiente', NULL, NULL, '75.00', '0.00', '0.00', 1, 'pendiente', NULL),
(12, 1, '2023-03-20', '2023-03-22', '2023-03-25', NULL, '2022-08-01 09:58:46', 'Servicio de: POS + FACTURACIÓN', NULL, NULL, NULL, NULL, NULL, NULL, NULL, NULL, NULL, NULL, NULL, '0.00', '0.00', NULL, NULL, NULL, NULL, NULL, 93, NULL, NULL, NULL, NULL, 'pendiente', NULL, NULL, '75.00', '0.00', '0.00', 1, 'pendiente', NULL),
(13, 2, '2022-01-20', '2022-01-22', '2022-01-25', NULL, '2022-08-01 09:59:01', 'Servicio de: SISTEMA FACTURACION + mora', NULL, NULL, NULL, NULL, NULL, NULL, NULL, NULL, NULL, NULL, NULL, '0.00', '0.00', NULL, NULL, NULL, NULL, NULL, 93, NULL, NULL, NULL, NULL, 'pendiente', NULL, NULL, '70.00', '30.00', '0.00', 1, 'pendiente', NULL),
(14, 2, '2022-02-20', '2022-02-22', '2022-02-25', NULL, '2022-08-01 09:59:01', 'Servicio de: SISTEMA FACTURACION', NULL, NULL, NULL, NULL, NULL, NULL, NULL, NULL, NULL, NULL, NULL, '0.00', '0.00', NULL, NULL, NULL, NULL, NULL, 93, NULL, NULL, NULL, NULL, 'pendiente', NULL, NULL, '70.00', '0.00', '0.00', 1, 'pendiente', NULL),
(15, 2, '2022-03-20', '2022-03-22', '2022-03-25', NULL, '2022-08-01 09:59:01', 'Servicio de: SISTEMA FACTURACION', NULL, NULL, NULL, NULL, NULL, NULL, NULL, NULL, NULL, NULL, NULL, '0.00', '0.00', NULL, NULL, NULL, NULL, NULL, 93, NULL, NULL, NULL, NULL, 'pendiente', NULL, NULL, '70.00', '0.00', '0.00', 1, 'pendiente', NULL),
(16, 2, '2022-04-20', '2022-04-22', '2022-04-25', NULL, '2022-08-01 09:59:01', 'Servicio de: SISTEMA FACTURACION', NULL, NULL, NULL, NULL, NULL, NULL, NULL, NULL, NULL, NULL, NULL, '0.00', '0.00', NULL, NULL, NULL, NULL, NULL, 93, NULL, NULL, NULL, NULL, 'pendiente', NULL, NULL, '70.00', '0.00', '0.00', 1, 'pendiente', NULL),
(17, 2, '2022-05-20', '2022-05-22', '2022-05-25', '2022-08-01 12:11:13', '2022-08-01 09:59:01', 'Servicio de: SISTEMA FACTURACION + mora', 'efectivo', NULL, '', '46644672', 'YITMAN FRANKLIN CANO VARGAS', 'Lima', 'BBB1', '101', 'BOLETA', '84.75', '15.25', '0.00', '0.00', '100.00', 'Ciento 00/100 SOLES', '100.00', '0.00', '0.00', 93, 4, 5, 'ok', 'La Boleta numero BBB1-00000101, ha sido aceptada', 'pagado', NULL, NULL, '70.00', '30.00', '0.00', 1, 'pagado', NULL),
(18, 2, '2022-06-20', '2022-06-22', '2022-06-25', '2022-08-01 12:11:35', '2022-08-01 09:59:01', 'Servicio de: SISTEMA FACTURACION + reconexion', 'efectivo', NULL, '', '46644672', 'YITMAN FRANKLIN CANO VARGAS', 'Lima', 'TTK1', '98', 'TICKET', '101.69', '18.31', '0.00', '0.00', '120.00', 'Ciento veinte 00/100 SOLES', '130.00', '0.00', '10.00', 93, 4, 5, NULL, NULL, 'pagado', NULL, NULL, '70.00', '0.00', '50.00', 1, 'pagado', NULL),
(19, 2, '2022-07-20', '2022-07-22', '2022-07-25', NULL, '2022-08-01 09:59:01', 'Servicio de: SISTEMA FACTURACION', NULL, NULL, NULL, NULL, NULL, NULL, NULL, NULL, NULL, NULL, NULL, '0.00', '0.00', NULL, NULL, NULL, NULL, NULL, 93, NULL, NULL, NULL, NULL, 'pendiente', NULL, NULL, '70.00', '0.00', '0.00', 1, 'pendiente', NULL),
(20, 2, '2022-08-20', '2022-08-22', '2022-08-25', NULL, '2022-08-01 09:59:01', 'Servicio de: SISTEMA FACTURACION', NULL, NULL, NULL, NULL, NULL, NULL, NULL, NULL, NULL, NULL, NULL, '0.00', '0.00', NULL, NULL, NULL, NULL, NULL, 93, NULL, NULL, NULL, NULL, 'pendiente', NULL, NULL, '70.00', '0.00', '0.00', 1, 'pendiente', NULL),
(21, 2, '2022-09-20', '2022-09-22', '2022-09-25', NULL, '2022-08-01 09:59:01', 'Servicio de: SISTEMA FACTURACION', NULL, NULL, NULL, NULL, NULL, NULL, NULL, NULL, NULL, NULL, NULL, '0.00', '0.00', NULL, NULL, NULL, NULL, NULL, 93, NULL, NULL, NULL, NULL, 'pendiente', NULL, NULL, '70.00', '0.00', '0.00', 1, 'pendiente', NULL),
(22, 2, '2022-10-20', '2022-10-22', '2022-10-25', NULL, '2022-08-01 09:59:01', 'Servicio de: SISTEMA FACTURACION', NULL, NULL, NULL, NULL, NULL, NULL, NULL, NULL, NULL, NULL, NULL, '0.00', '0.00', NULL, NULL, NULL, NULL, NULL, 93, NULL, NULL, NULL, NULL, 'pendiente', NULL, NULL, '70.00', '0.00', '0.00', 1, 'pendiente', NULL),
(23, 2, '2022-11-20', '2022-11-22', '2022-11-25', NULL, '2022-08-01 09:59:01', 'Servicio de: SISTEMA FACTURACION', NULL, NULL, NULL, NULL, NULL, NULL, NULL, NULL, NULL, NULL, NULL, '0.00', '0.00', NULL, NULL, NULL, NULL, NULL, 93, NULL, NULL, NULL, NULL, 'pendiente', NULL, NULL, '70.00', '0.00', '0.00', 1, 'pendiente', NULL),
(24, 2, '2022-12-20', '2022-12-22', '2022-12-25', NULL, '2022-08-01 09:59:01', 'Servicio de: SISTEMA FACTURACION', NULL, NULL, NULL, NULL, NULL, NULL, NULL, NULL, NULL, NULL, NULL, '0.00', '0.00', NULL, NULL, NULL, NULL, NULL, 93, NULL, NULL, NULL, NULL, 'pendiente', NULL, NULL, '70.00', '0.00', '0.00', 1, 'pendiente', NULL),
(25, 3, '2022-02-20', '2022-02-22', '2022-02-25', NULL, '2022-08-01 09:59:19', 'Servicio de: SERVICIO RESTOBAR', NULL, NULL, NULL, NULL, NULL, NULL, NULL, NULL, NULL, NULL, NULL, '0.00', '0.00', NULL, NULL, NULL, NULL, NULL, 93, NULL, NULL, NULL, NULL, 'pendiente', NULL, NULL, '80.00', '0.00', '0.00', 1, 'pendiente', NULL),
(26, 3, '2022-03-20', '2022-03-22', '2022-03-25', NULL, '2022-08-01 09:59:19', 'Servicio de: SERVICIO RESTOBAR', NULL, NULL, NULL, NULL, NULL, NULL, NULL, NULL, NULL, NULL, NULL, '0.00', '0.00', NULL, NULL, NULL, NULL, NULL, 93, NULL, NULL, NULL, NULL, 'pendiente', NULL, NULL, '80.00', '0.00', '0.00', 1, 'pendiente', NULL),
(27, 3, '2022-04-20', '2022-04-22', '2022-04-25', NULL, '2022-08-01 09:59:19', 'Servicio de: SERVICIO RESTOBAR', NULL, NULL, NULL, NULL, NULL, NULL, NULL, NULL, NULL, NULL, NULL, '0.00', '0.00', NULL, NULL, NULL, NULL, NULL, 93, NULL, NULL, NULL, NULL, 'pendiente', NULL, NULL, '80.00', '0.00', '0.00', 1, 'pendiente', NULL),
(28, 3, '2022-05-20', '2022-05-22', '2022-05-25', NULL, '2022-08-01 09:59:19', 'Servicio de: SERVICIO RESTOBAR', NULL, NULL, NULL, NULL, NULL, NULL, NULL, NULL, NULL, NULL, NULL, '0.00', '0.00', NULL, NULL, NULL, NULL, NULL, 93, NULL, NULL, NULL, NULL, 'pendiente', NULL, NULL, '80.00', '0.00', '0.00', 1, 'pendiente', NULL),
(29, 3, '2022-06-20', '2022-06-22', '2022-06-25', NULL, '2022-08-01 09:59:19', 'Servicio de: SERVICIO RESTOBAR', NULL, NULL, NULL, NULL, NULL, NULL, NULL, NULL, NULL, NULL, NULL, '0.00', '0.00', NULL, NULL, NULL, NULL, NULL, 93, NULL, NULL, NULL, NULL, 'pendiente', NULL, NULL, '80.00', '0.00', '0.00', 1, 'pendiente', NULL),
(30, 3, '2022-07-20', '2022-07-22', '2022-07-25', NULL, '2022-08-01 09:59:19', 'Servicio de: SERVICIO RESTOBAR', NULL, NULL, NULL, NULL, NULL, NULL, NULL, NULL, NULL, NULL, NULL, '0.00', '0.00', NULL, NULL, NULL, NULL, NULL, 93, NULL, NULL, NULL, NULL, 'pendiente', NULL, NULL, '80.00', '0.00', '0.00', 1, 'pendiente', NULL),
(31, 3, '2022-08-20', '2022-08-22', '2022-08-25', NULL, '2022-08-01 09:59:19', 'Servicio de: SERVICIO RESTOBAR', NULL, NULL, NULL, NULL, NULL, NULL, NULL, NULL, NULL, NULL, NULL, '0.00', '0.00', NULL, NULL, NULL, NULL, NULL, 93, NULL, NULL, NULL, NULL, 'pendiente', NULL, NULL, '80.00', '0.00', '0.00', 1, 'pendiente', NULL),
(32, 3, '2022-09-20', '2022-09-22', '2022-09-25', NULL, '2022-08-01 09:59:19', 'Servicio de: SERVICIO RESTOBAR', NULL, NULL, NULL, NULL, NULL, NULL, NULL, NULL, NULL, NULL, NULL, '0.00', '0.00', NULL, NULL, NULL, NULL, NULL, 93, NULL, NULL, NULL, NULL, 'pendiente', NULL, NULL, '80.00', '0.00', '0.00', 1, 'pendiente', NULL),
(33, 3, '2022-10-20', '2022-10-22', '2022-10-25', NULL, '2022-08-01 09:59:19', 'Servicio de: SERVICIO RESTOBAR', NULL, NULL, NULL, NULL, NULL, NULL, NULL, NULL, NULL, NULL, NULL, '0.00', '0.00', NULL, NULL, NULL, NULL, NULL, 93, NULL, NULL, NULL, NULL, 'pendiente', NULL, NULL, '80.00', '0.00', '0.00', 1, 'pendiente', NULL),
(34, 3, '2022-11-20', '2022-11-22', '2022-11-25', NULL, '2022-08-01 09:59:19', 'Servicio de: SERVICIO RESTOBAR', NULL, NULL, NULL, NULL, NULL, NULL, NULL, NULL, NULL, NULL, NULL, '0.00', '0.00', NULL, NULL, NULL, NULL, NULL, 93, NULL, NULL, NULL, NULL, 'pendiente', NULL, NULL, '80.00', '0.00', '0.00', 1, 'pendiente', NULL),
(35, 3, '2022-12-20', '2022-12-22', '2022-12-25', NULL, '2022-08-01 09:59:19', 'Servicio de: SERVICIO RESTOBAR', NULL, NULL, NULL, NULL, NULL, NULL, NULL, NULL, NULL, NULL, NULL, '0.00', '0.00', NULL, NULL, NULL, NULL, NULL, 93, NULL, NULL, NULL, NULL, 'pendiente', NULL, NULL, '80.00', '0.00', '0.00', 1, 'pendiente', NULL),
(36, 3, '2023-01-20', '2023-01-22', '2023-01-25', NULL, '2022-08-01 09:59:19', 'Servicio de: SERVICIO RESTOBAR', NULL, NULL, NULL, NULL, NULL, NULL, NULL, NULL, NULL, NULL, NULL, '0.00', '0.00', NULL, NULL, NULL, NULL, NULL, 93, NULL, NULL, NULL, NULL, 'pendiente', NULL, NULL, '80.00', '0.00', '0.00', 1, 'pendiente', NULL);

-- --------------------------------------------------------

--
-- Estructura de tabla para la tabla `distritos`
--

CREATE TABLE `distritos` (
  `idDistrito` int(11) NOT NULL,
  `nombreDistrito` varchar(50) NOT NULL,
  `idDepartamento` int(11) NOT NULL,
  `idProvincia` int(11) NOT NULL
) ENGINE=InnoDB DEFAULT CHARSET=latin1;

--
-- Volcado de datos para la tabla `distritos`
--

INSERT INTO `distritos` (`idDistrito`, `nombreDistrito`, `idDepartamento`, `idProvincia`) VALUES
(10101, 'Chachapoyas', 1, 101),
(10102, 'Asunción', 1, 101),
(10103, 'Balsas', 1, 101),
(10104, 'Cheto', 1, 101),
(10105, 'Chiliquin', 1, 101),
(10106, 'Chuquibamba', 1, 101),
(10107, 'Granada', 1, 101),
(10108, 'Huancas', 1, 101),
(10109, 'La Jalca', 1, 101),
(10110, 'Leimebamba', 1, 101),
(10111, 'Levanto', 1, 101),
(10112, 'Magdalena', 1, 101),
(10113, 'Mariscal Castilla', 1, 101),
(10114, 'Molinopampa', 1, 101),
(10115, 'Montevideo', 1, 101),
(10116, 'Olleros', 1, 101),
(10117, 'Quinjalca', 1, 101),
(10118, 'San Francisco de Daguas', 1, 101),
(10119, 'San Isidro de Maino', 1, 101),
(10120, 'Soloco', 1, 101),
(10121, 'Sonche', 1, 101),
(10201, 'Bagua', 1, 102),
(10202, 'Aramango', 1, 102),
(10203, 'Copallin', 1, 102),
(10204, 'El Parco', 1, 102),
(10205, 'Imaza', 1, 102),
(10206, 'La Peca', 1, 102),
(10301, 'Jumbilla', 1, 103),
(10302, 'Chisquilla', 1, 103),
(10303, 'Churuja', 1, 103),
(10304, 'Corosha', 1, 103),
(10305, 'Cuispes', 1, 103),
(10306, 'Florida', 1, 103),
(10307, 'Jazan', 1, 103),
(10308, 'Recta', 1, 103),
(10309, 'San Carlos', 1, 103),
(10310, 'Shipasbamba', 1, 103),
(10311, 'Valera', 1, 103),
(10312, 'Yambrasbamba', 1, 103),
(10401, 'Nieva', 1, 104),
(10402, 'El Cenepa', 1, 104),
(10403, 'Río Santiago', 1, 104),
(10501, 'Lamud', 1, 105),
(10502, 'Camporredondo', 1, 105),
(10503, 'Cocabamba', 1, 105),
(10504, 'Colcamar', 1, 105),
(10505, 'Conila', 1, 105),
(10506, 'Inguilpata', 1, 105),
(10507, 'Longuita', 1, 105),
(10508, 'Lonya Chico', 1, 105),
(10509, 'Luya', 1, 105),
(10510, 'Luya Viejo', 1, 105),
(10511, 'María', 1, 105),
(10512, 'Ocalli', 1, 105),
(10513, 'Ocumal', 1, 105),
(10514, 'Pisuquia', 1, 105),
(10515, 'Providencia', 1, 105),
(10516, 'San Cristóbal', 1, 105),
(10517, 'San Francisco de Yeso', 1, 105),
(10518, 'San Jerónimo', 1, 105),
(10519, 'San Juan de Lopecancha', 1, 105),
(10520, 'Santa Catalina', 1, 105),
(10521, 'Santo Tomas', 1, 105),
(10522, 'Tingo', 1, 105),
(10523, 'Trita', 1, 105),
(10601, 'San Nicolás', 1, 106),
(10602, 'Chirimoto', 1, 106),
(10603, 'Cochamal', 1, 106),
(10604, 'Huambo', 1, 106),
(10605, 'Limabamba', 1, 106),
(10606, 'Longar', 1, 106),
(10607, 'Mariscal Benavides', 1, 106),
(10608, 'Milpuc', 1, 106),
(10609, 'Omia', 1, 106),
(10610, 'Santa Rosa', 1, 106),
(10611, 'Totora', 1, 106),
(10612, 'Vista Alegre', 1, 106),
(10701, 'Bagua Grande', 1, 107),
(10702, 'Cajaruro', 1, 107),
(10703, 'Cumba', 1, 107),
(10704, 'El Milagro', 1, 107),
(10705, 'Jamalca', 1, 107),
(10706, 'Lonya Grande', 1, 107),
(10707, 'Yamon', 1, 107),
(20101, 'Huaraz', 2, 201),
(20102, 'Cochabamba', 2, 201),
(20103, 'Colcabamba', 2, 201),
(20104, 'Huanchay', 2, 201),
(20105, 'Independencia', 2, 201),
(20106, 'Jangas', 2, 201),
(20107, 'La Libertad', 2, 201),
(20108, 'Olleros', 2, 201),
(20109, 'Pampas Grande', 2, 201),
(20110, 'Pariacoto', 2, 201),
(20111, 'Pira', 2, 201),
(20112, 'Tarica', 2, 201),
(20201, 'Aija', 2, 202),
(20202, 'Coris', 2, 202),
(20203, 'Huacllan', 2, 202),
(20204, 'La Merced', 2, 202),
(20205, 'Succha', 2, 202),
(20301, 'Llamellin', 2, 203),
(20302, 'Aczo', 2, 203),
(20303, 'Chaccho', 2, 203),
(20304, 'Chingas', 2, 203),
(20305, 'Mirgas', 2, 203),
(20306, 'San Juan de Rontoy', 2, 203),
(20401, 'Chacas', 2, 204),
(20402, 'Acochaca', 2, 204),
(20501, 'Chiquian', 2, 205),
(20502, 'Abelardo Pardo Lezameta', 2, 205),
(20503, 'Antonio Raymondi', 2, 205),
(20504, 'Aquia', 2, 205),
(20505, 'Cajacay', 2, 205),
(20506, 'Canis', 2, 205),
(20507, 'Colquioc', 2, 205),
(20508, 'Huallanca', 2, 205),
(20509, 'Huasta', 2, 205),
(20510, 'Huayllacayan', 2, 205),
(20511, 'La Primavera', 2, 205),
(20512, 'Mangas', 2, 205),
(20513, 'Pacllon', 2, 205),
(20514, 'San Miguel de Corpanqui', 2, 205),
(20515, 'Ticllos', 2, 205),
(20601, 'Carhuaz', 2, 206),
(20602, 'Acopampa', 2, 206),
(20603, 'Amashca', 2, 206),
(20604, 'Anta', 2, 206),
(20605, 'Ataquero', 2, 206),
(20606, 'Marcara', 2, 206),
(20607, 'Pariahuanca', 2, 206),
(20608, 'San Miguel de Aco', 2, 206),
(20609, 'Shilla', 2, 206),
(20610, 'Tinco', 2, 206),
(20611, 'Yungar', 2, 206),
(20701, 'San Luis', 2, 207),
(20702, 'San Nicolás', 2, 207),
(20703, 'Yauya', 2, 207),
(20801, 'Casma', 2, 208),
(20802, 'Buena Vista Alta', 2, 208),
(20803, 'Comandante Noel', 2, 208),
(20804, 'Yautan', 2, 208),
(20901, 'Corongo', 2, 209),
(20902, 'Aco', 2, 209),
(20903, 'Bambas', 2, 209),
(20904, 'Cusca', 2, 209),
(20905, 'La Pampa', 2, 209),
(20906, 'Yanac', 2, 209),
(20907, 'Yupan', 2, 209),
(21001, 'Huari', 2, 210),
(21002, 'Anra', 2, 210),
(21003, 'Cajay', 2, 210),
(21004, 'Chavin de Huantar', 2, 210),
(21005, 'Huacachi', 2, 210),
(21006, 'Huacchis', 2, 210),
(21007, 'Huachis', 2, 210),
(21008, 'Huantar', 2, 210),
(21009, 'Masin', 2, 210),
(21010, 'Paucas', 2, 210),
(21011, 'Ponto', 2, 210),
(21012, 'Rahuapampa', 2, 210),
(21013, 'Rapayan', 2, 210),
(21014, 'San Marcos', 2, 210),
(21015, 'San Pedro de Chana', 2, 210),
(21016, 'Uco', 2, 210),
(21101, 'Huarmey', 2, 211),
(21102, 'Cochapeti', 2, 211),
(21103, 'Culebras', 2, 211),
(21104, 'Huayan', 2, 211),
(21105, 'Malvas', 2, 211),
(21201, 'Caraz', 2, 212),
(21202, 'Huallanca', 2, 212),
(21203, 'Huata', 2, 212),
(21204, 'Huaylas', 2, 212),
(21205, 'Mato', 2, 212),
(21206, 'Pamparomas', 2, 212),
(21207, 'Pueblo Libre', 2, 212),
(21208, 'Santa Cruz', 2, 212),
(21209, 'Santo Toribio', 2, 212),
(21210, 'Yuracmarca', 2, 212),
(21301, 'Piscobamba', 2, 213),
(21302, 'Casca', 2, 213),
(21303, 'Eleazar Guzmán Barron', 2, 213),
(21304, 'Fidel Olivas Escudero', 2, 213),
(21305, 'Llama', 2, 213),
(21306, 'Llumpa', 2, 213),
(21307, 'Lucma', 2, 213),
(21308, 'Musga', 2, 213),
(21401, 'Ocros', 2, 214),
(21402, 'Acas', 2, 214),
(21403, 'Cajamarquilla', 2, 214),
(21404, 'Carhuapampa', 2, 214),
(21405, 'Cochas', 2, 214),
(21406, 'Congas', 2, 214),
(21407, 'Llipa', 2, 214),
(21408, 'San Cristóbal de Rajan', 2, 214),
(21409, 'San Pedro', 2, 214),
(21410, 'Santiago de Chilcas', 2, 214),
(21501, 'Cabana', 2, 215),
(21502, 'Bolognesi', 2, 215),
(21503, 'Conchucos', 2, 215),
(21504, 'Huacaschuque', 2, 215),
(21505, 'Huandoval', 2, 215),
(21506, 'Lacabamba', 2, 215),
(21507, 'Llapo', 2, 215),
(21508, 'Pallasca', 2, 215),
(21509, 'Pampas', 2, 215),
(21510, 'Santa Rosa', 2, 215),
(21511, 'Tauca', 2, 215),
(21601, 'Pomabamba', 2, 216),
(21602, 'Huayllan', 2, 216),
(21603, 'Parobamba', 2, 216),
(21604, 'Quinuabamba', 2, 216),
(21701, 'Recuay', 2, 217),
(21702, 'Catac', 2, 217),
(21703, 'Cotaparaco', 2, 217),
(21704, 'Huayllapampa', 2, 217),
(21705, 'Llacllin', 2, 217),
(21706, 'Marca', 2, 217),
(21707, 'Pampas Chico', 2, 217),
(21708, 'Pararin', 2, 217),
(21709, 'Tapacocha', 2, 217),
(21710, 'Ticapampa', 2, 217),
(21801, 'Chimbote', 2, 218),
(21802, 'Cáceres del Perú', 2, 218),
(21803, 'Coishco', 2, 218),
(21804, 'Macate', 2, 218),
(21805, 'Moro', 2, 218),
(21806, 'Nepeña', 2, 218),
(21807, 'Samanco', 2, 218),
(21808, 'Santa', 2, 218),
(21809, 'Nuevo Chimbote', 2, 218),
(21901, 'Sihuas', 2, 219),
(21902, 'Acobamba', 2, 219),
(21903, 'Alfonso Ugarte', 2, 219),
(21904, 'Cashapampa', 2, 219),
(21905, 'Chingalpo', 2, 219),
(21906, 'Huayllabamba', 2, 219),
(21907, 'Quiches', 2, 219),
(21908, 'Ragash', 2, 219),
(21909, 'San Juan', 2, 219),
(21910, 'Sicsibamba', 2, 219),
(22001, 'Yungay', 2, 220),
(22002, 'Cascapara', 2, 220),
(22003, 'Mancos', 2, 220),
(22004, 'Matacoto', 2, 220),
(22005, 'Quillo', 2, 220),
(22006, 'Ranrahirca', 2, 220),
(22007, 'Shupluy', 2, 220),
(22008, 'Yanama', 2, 220),
(30101, 'Abancay', 3, 301),
(30102, 'Chacoche', 3, 301),
(30103, 'Circa', 3, 301),
(30104, 'Curahuasi', 3, 301),
(30105, 'Huanipaca', 3, 301),
(30106, 'Lambrama', 3, 301),
(30107, 'Pichirhua', 3, 301),
(30108, 'San Pedro de Cachora', 3, 301),
(30109, 'Tamburco', 3, 301),
(30201, 'Andahuaylas', 3, 302),
(30202, 'Andarapa', 3, 302),
(30203, 'Chiara', 3, 302),
(30204, 'Huancarama', 3, 302),
(30205, 'Huancaray', 3, 302),
(30206, 'Huayana', 3, 302),
(30207, 'Kishuara', 3, 302),
(30208, 'Pacobamba', 3, 302),
(30209, 'Pacucha', 3, 302),
(30210, 'Pampachiri', 3, 302),
(30211, 'Pomacocha', 3, 302),
(30212, 'San Antonio de Cachi', 3, 302),
(30213, 'San Jerónimo', 3, 302),
(30214, 'San Miguel de Chaccrampa', 3, 302),
(30215, 'Santa María de Chicmo', 3, 302),
(30216, 'Talavera', 3, 302),
(30217, 'Tumay Huaraca', 3, 302),
(30218, 'Turpo', 3, 302),
(30219, 'Kaquiabamba', 3, 302),
(30220, 'José María Arguedas', 3, 302),
(30301, 'Antabamba', 3, 303),
(30302, 'El Oro', 3, 303),
(30303, 'Huaquirca', 3, 303),
(30304, 'Juan Espinoza Medrano', 3, 303),
(30305, 'Oropesa', 3, 303),
(30306, 'Pachaconas', 3, 303),
(30307, 'Sabaino', 3, 303),
(30401, 'Chalhuanca', 3, 304),
(30402, 'Capaya', 3, 304),
(30403, 'Caraybamba', 3, 304),
(30404, 'Chapimarca', 3, 304),
(30405, 'Colcabamba', 3, 304),
(30406, 'Cotaruse', 3, 304),
(30407, 'Ihuayllo', 3, 304),
(30408, 'Justo Apu Sahuaraura', 3, 304),
(30409, 'Lucre', 3, 304),
(30410, 'Pocohuanca', 3, 304),
(30411, 'San Juan de Chacña', 3, 304),
(30412, 'Sañayca', 3, 304),
(30413, 'Soraya', 3, 304),
(30414, 'Tapairihua', 3, 304),
(30415, 'Tintay', 3, 304),
(30416, 'Toraya', 3, 304),
(30417, 'Yanaca', 3, 304),
(30501, 'Tambobamba', 3, 305),
(30502, 'Cotabambas', 3, 305),
(30503, 'Coyllurqui', 3, 305),
(30504, 'Haquira', 3, 305),
(30505, 'Mara', 3, 305),
(30506, 'Challhuahuacho', 3, 305),
(30601, 'Chincheros', 3, 306),
(30602, 'Anco_Huallo', 3, 306),
(30603, 'Cocharcas', 3, 306),
(30604, 'Huaccana', 3, 306),
(30605, 'Ocobamba', 3, 306),
(30606, 'Ongoy', 3, 306),
(30607, 'Uranmarca', 3, 306),
(30608, 'Ranracancha', 3, 306),
(30609, 'Rocchacc', 3, 306),
(30610, 'El Porvenir', 3, 306),
(30611, 'Los Chankas', 3, 306),
(30701, 'Chuquibambilla', 3, 307),
(30702, 'Curpahuasi', 3, 307),
(30703, 'Gamarra', 3, 307),
(30704, 'Huayllati', 3, 307),
(30705, 'Mamara', 3, 307),
(30706, 'Micaela Bastidas', 3, 307),
(30707, 'Pataypampa', 3, 307),
(30708, 'Progreso', 3, 307),
(30709, 'San Antonio', 3, 307),
(30710, 'Santa Rosa', 3, 307),
(30711, 'Turpay', 3, 307),
(30712, 'Vilcabamba', 3, 307),
(30713, 'Virundo', 3, 307),
(30714, 'Curasco', 3, 307),
(40101, 'Arequipa', 4, 401),
(40102, 'Alto Selva Alegre', 4, 401),
(40103, 'Cayma', 4, 401),
(40104, 'Cerro Colorado', 4, 401),
(40105, 'Characato', 4, 401),
(40106, 'Chiguata', 4, 401),
(40107, 'Jacobo Hunter', 4, 401),
(40108, 'La Joya', 4, 401),
(40109, 'Mariano Melgar', 4, 401),
(40110, 'Miraflores', 4, 401),
(40111, 'Mollebaya', 4, 401),
(40112, 'Paucarpata', 4, 401),
(40113, 'Pocsi', 4, 401),
(40114, 'Polobaya', 4, 401),
(40115, 'Quequeña', 4, 401),
(40116, 'Sabandia', 4, 401),
(40117, 'Sachaca', 4, 401),
(40118, 'San Juan de Siguas', 4, 401),
(40119, 'San Juan de Tarucani', 4, 401),
(40120, 'Santa Isabel de Siguas', 4, 401),
(40121, 'Santa Rita de Siguas', 4, 401),
(40122, 'Socabaya', 4, 401),
(40123, 'Tiabaya', 4, 401),
(40124, 'Uchumayo', 4, 401),
(40125, 'Vitor', 4, 401),
(40126, 'Yanahuara', 4, 401),
(40127, 'Yarabamba', 4, 401),
(40128, 'Yura', 4, 401),
(40129, 'José Luis Bustamante Y Rivero', 4, 401),
(40201, 'Camaná', 4, 402),
(40202, 'José María Quimper', 4, 402),
(40203, 'Mariano Nicolás Valcárcel', 4, 402),
(40204, 'Mariscal Cáceres', 4, 402),
(40205, 'Nicolás de Pierola', 4, 402),
(40206, 'Ocoña', 4, 402),
(40207, 'Quilca', 4, 402),
(40208, 'Samuel Pastor', 4, 402),
(40301, 'Caravelí', 4, 403),
(40302, 'Acarí', 4, 403),
(40303, 'Atico', 4, 403),
(40304, 'Atiquipa', 4, 403),
(40305, 'Bella Unión', 4, 403),
(40306, 'Cahuacho', 4, 403),
(40307, 'Chala', 4, 403),
(40308, 'Chaparra', 4, 403),
(40309, 'Huanuhuanu', 4, 403),
(40310, 'Jaqui', 4, 403),
(40311, 'Lomas', 4, 403),
(40312, 'Quicacha', 4, 403),
(40313, 'Yauca', 4, 403),
(40401, 'Aplao', 4, 404),
(40402, 'Andagua', 4, 404),
(40403, 'Ayo', 4, 404),
(40404, 'Chachas', 4, 404),
(40405, 'Chilcaymarca', 4, 404),
(40406, 'Choco', 4, 404),
(40407, 'Huancarqui', 4, 404),
(40408, 'Machaguay', 4, 404),
(40409, 'Orcopampa', 4, 404),
(40410, 'Pampacolca', 4, 404),
(40411, 'Tipan', 4, 404),
(40412, 'Uñon', 4, 404),
(40413, 'Uraca', 4, 404),
(40414, 'Viraco', 4, 404),
(40501, 'Chivay', 4, 405),
(40502, 'Achoma', 4, 405),
(40503, 'Cabanaconde', 4, 405),
(40504, 'Callalli', 4, 405),
(40505, 'Caylloma', 4, 405),
(40506, 'Coporaque', 4, 405),
(40507, 'Huambo', 4, 405),
(40508, 'Huanca', 4, 405),
(40509, 'Ichupampa', 4, 405),
(40510, 'Lari', 4, 405),
(40511, 'Lluta', 4, 405),
(40512, 'Maca', 4, 405),
(40513, 'Madrigal', 4, 405),
(40514, 'San Antonio de Chuca', 4, 405),
(40515, 'Sibayo', 4, 405),
(40516, 'Tapay', 4, 405),
(40517, 'Tisco', 4, 405),
(40518, 'Tuti', 4, 405),
(40519, 'Yanque', 4, 405),
(40520, 'Majes', 4, 405),
(40601, 'Chuquibamba', 4, 406),
(40602, 'Andaray', 4, 406),
(40603, 'Cayarani', 4, 406),
(40604, 'Chichas', 4, 406),
(40605, 'Iray', 4, 406),
(40606, 'Río Grande', 4, 406),
(40607, 'Salamanca', 4, 406),
(40608, 'Yanaquihua', 4, 406),
(40701, 'Mollendo', 4, 407),
(40702, 'Cocachacra', 4, 407),
(40703, 'Dean Valdivia', 4, 407),
(40704, 'Islay', 4, 407),
(40705, 'Mejia', 4, 407),
(40706, 'Punta de Bombón', 4, 407),
(40801, 'Cotahuasi', 4, 408),
(40802, 'Alca', 4, 408),
(40803, 'Charcana', 4, 408),
(40804, 'Huaynacotas', 4, 408),
(40805, 'Pampamarca', 4, 408),
(40806, 'Puyca', 4, 408),
(40807, 'Quechualla', 4, 408),
(40808, 'Sayla', 4, 408),
(40809, 'Tauria', 4, 408),
(40810, 'Tomepampa', 4, 408),
(40811, 'Toro', 4, 408),
(50101, 'Ayacucho', 5, 501),
(50102, 'Acocro', 5, 501),
(50103, 'Acos Vinchos', 5, 501),
(50104, 'Carmen Alto', 5, 501),
(50105, 'Chiara', 5, 501),
(50106, 'Ocros', 5, 501),
(50107, 'Pacaycasa', 5, 501),
(50108, 'Quinua', 5, 501),
(50109, 'San José de Ticllas', 5, 501),
(50110, 'San Juan Bautista', 5, 501),
(50111, 'Santiago de Pischa', 5, 501),
(50112, 'Socos', 5, 501),
(50113, 'Tambillo', 5, 501),
(50114, 'Vinchos', 5, 501),
(50115, 'Jesús Nazareno', 5, 501),
(50116, 'Andrés Avelino Cáceres Dorregaray', 5, 501),
(50201, 'Cangallo', 5, 502),
(50202, 'Chuschi', 5, 502),
(50203, 'Los Morochucos', 5, 502),
(50204, 'María Parado de Bellido', 5, 502),
(50205, 'Paras', 5, 502),
(50206, 'Totos', 5, 502),
(50301, 'Sancos', 5, 503),
(50302, 'Carapo', 5, 503),
(50303, 'Sacsamarca', 5, 503),
(50304, 'Santiago de Lucanamarca', 5, 503),
(50401, 'Huanta', 5, 504),
(50402, 'Ayahuanco', 5, 504),
(50403, 'Huamanguilla', 5, 504),
(50404, 'Iguain', 5, 504),
(50405, 'Luricocha', 5, 504),
(50406, 'Santillana', 5, 504),
(50407, 'Sivia', 5, 504),
(50408, 'Llochegua', 5, 504),
(50409, 'Canayre', 5, 504),
(50410, 'Uchuraccay', 5, 504),
(50411, 'Pucacolpa', 5, 504),
(50412, 'Chaca', 5, 504),
(50501, 'San Miguel', 5, 505),
(50502, 'Anco', 5, 505),
(50503, 'Ayna', 5, 505),
(50504, 'Chilcas', 5, 505),
(50505, 'Chungui', 5, 505),
(50506, 'Luis Carranza', 5, 505),
(50507, 'Santa Rosa', 5, 505),
(50508, 'Tambo', 5, 505),
(50509, 'Samugari', 5, 505),
(50510, 'Anchihuay', 5, 505),
(50511, 'Oronccoy', 5, 505),
(50601, 'Puquio', 5, 506),
(50602, 'Aucara', 5, 506),
(50603, 'Cabana', 5, 506),
(50604, 'Carmen Salcedo', 5, 506),
(50605, 'Chaviña', 5, 506),
(50606, 'Chipao', 5, 506),
(50607, 'Huac-Huas', 5, 506),
(50608, 'Laramate', 5, 506),
(50609, 'Leoncio Prado', 5, 506),
(50610, 'Llauta', 5, 506),
(50611, 'Lucanas', 5, 506),
(50612, 'Ocaña', 5, 506),
(50613, 'Otoca', 5, 506),
(50614, 'Saisa', 5, 506),
(50615, 'San Cristóbal', 5, 506),
(50616, 'San Juan', 5, 506),
(50617, 'San Pedro', 5, 506),
(50618, 'San Pedro de Palco', 5, 506),
(50619, 'Sancos', 5, 506),
(50620, 'Santa Ana de Huaycahuacho', 5, 506),
(50621, 'Santa Lucia', 5, 506),
(50701, 'Coracora', 5, 507),
(50702, 'Chumpi', 5, 507),
(50703, 'Coronel Castañeda', 5, 507),
(50704, 'Pacapausa', 5, 507),
(50705, 'Pullo', 5, 507),
(50706, 'Puyusca', 5, 507),
(50707, 'San Francisco de Ravacayco', 5, 507),
(50708, 'Upahuacho', 5, 507),
(50801, 'Pausa', 5, 508),
(50802, 'Colta', 5, 508),
(50803, 'Corculla', 5, 508),
(50804, 'Lampa', 5, 508),
(50805, 'Marcabamba', 5, 508),
(50806, 'Oyolo', 5, 508),
(50807, 'Pararca', 5, 508),
(50808, 'San Javier de Alpabamba', 5, 508),
(50809, 'San José de Ushua', 5, 508),
(50810, 'Sara Sara', 5, 508),
(50901, 'Querobamba', 5, 509),
(50902, 'Belén', 5, 509),
(50903, 'Chalcos', 5, 509),
(50904, 'Chilcayoc', 5, 509),
(50905, 'Huacaña', 5, 509),
(50906, 'Morcolla', 5, 509),
(50907, 'Paico', 5, 509),
(50908, 'San Pedro de Larcay', 5, 509),
(50909, 'San Salvador de Quije', 5, 509),
(50910, 'Santiago de Paucaray', 5, 509),
(50911, 'Soras', 5, 509),
(51001, 'Huancapi', 5, 510),
(51002, 'Alcamenca', 5, 510),
(51003, 'Apongo', 5, 510),
(51004, 'Asquipata', 5, 510),
(51005, 'Canaria', 5, 510),
(51006, 'Cayara', 5, 510),
(51007, 'Colca', 5, 510),
(51008, 'Huamanquiquia', 5, 510),
(51009, 'Huancaraylla', 5, 510),
(51010, 'Hualla', 5, 510),
(51011, 'Sarhua', 5, 510),
(51012, 'Vilcanchos', 5, 510),
(51101, 'Vilcas Huaman', 5, 511),
(51102, 'Accomarca', 5, 511),
(51103, 'Carhuanca', 5, 511),
(51104, 'Concepción', 5, 511),
(51105, 'Huambalpa', 5, 511),
(51106, 'Independencia', 5, 511),
(51107, 'Saurama', 5, 511),
(51108, 'Vischongo', 5, 511),
(60101, 'Cajamarca', 6, 601),
(60102, 'Asunción', 6, 601),
(60103, 'Chetilla', 6, 601),
(60104, 'Cospan', 6, 601),
(60105, 'Encañada', 6, 601),
(60106, 'Jesús', 6, 601),
(60107, 'Llacanora', 6, 601),
(60108, 'Los Baños del Inca', 6, 601),
(60109, 'Magdalena', 6, 601),
(60110, 'Matara', 6, 601),
(60111, 'Namora', 6, 601),
(60112, 'San Juan', 6, 601),
(60201, 'Cajabamba', 6, 602),
(60202, 'Cachachi', 6, 602),
(60203, 'Condebamba', 6, 602),
(60204, 'Sitacocha', 6, 602),
(60301, 'Celendín', 6, 603),
(60302, 'Chumuch', 6, 603),
(60303, 'Cortegana', 6, 603),
(60304, 'Huasmin', 6, 603),
(60305, 'Jorge Chávez', 6, 603),
(60306, 'José Gálvez', 6, 603),
(60307, 'Miguel Iglesias', 6, 603),
(60308, 'Oxamarca', 6, 603),
(60309, 'Sorochuco', 6, 603),
(60310, 'Sucre', 6, 603),
(60311, 'Utco', 6, 603),
(60312, 'La Libertad de Pallan', 6, 603),
(60401, 'Chota', 6, 604),
(60402, 'Anguia', 6, 604),
(60403, 'Chadin', 6, 604),
(60404, 'Chiguirip', 6, 604),
(60405, 'Chimban', 6, 604),
(60406, 'Choropampa', 6, 604),
(60407, 'Cochabamba', 6, 604),
(60408, 'Conchan', 6, 604),
(60409, 'Huambos', 6, 604),
(60410, 'Lajas', 6, 604),
(60411, 'Llama', 6, 604),
(60412, 'Miracosta', 6, 604),
(60413, 'Paccha', 6, 604),
(60414, 'Pion', 6, 604),
(60415, 'Querocoto', 6, 604),
(60416, 'San Juan de Licupis', 6, 604),
(60417, 'Tacabamba', 6, 604),
(60418, 'Tocmoche', 6, 604),
(60419, 'Chalamarca', 6, 604),
(60501, 'Contumaza', 6, 605),
(60502, 'Chilete', 6, 605),
(60503, 'Cupisnique', 6, 605),
(60504, 'Guzmango', 6, 605),
(60505, 'San Benito', 6, 605),
(60506, 'Santa Cruz de Toledo', 6, 605),
(60507, 'Tantarica', 6, 605),
(60508, 'Yonan', 6, 605),
(60601, 'Cutervo', 6, 606),
(60602, 'Callayuc', 6, 606),
(60603, 'Choros', 6, 606),
(60604, 'Cujillo', 6, 606),
(60605, 'La Ramada', 6, 606),
(60606, 'Pimpingos', 6, 606),
(60607, 'Querocotillo', 6, 606),
(60608, 'San Andrés de Cutervo', 6, 606),
(60609, 'San Juan de Cutervo', 6, 606),
(60610, 'San Luis de Lucma', 6, 606),
(60611, 'Santa Cruz', 6, 606),
(60612, 'Santo Domingo de la Capilla', 6, 606),
(60613, 'Santo Tomas', 6, 606),
(60614, 'Socota', 6, 606),
(60615, 'Toribio Casanova', 6, 606),
(60701, 'Bambamarca', 6, 607),
(60702, 'Chugur', 6, 607),
(60703, 'Hualgayoc', 6, 607),
(60801, 'Jaén', 6, 608),
(60802, 'Bellavista', 6, 608),
(60803, 'Chontali', 6, 608),
(60804, 'Colasay', 6, 608),
(60805, 'Huabal', 6, 608),
(60806, 'Las Pirias', 6, 608),
(60807, 'Pomahuaca', 6, 608),
(60808, 'Pucara', 6, 608),
(60809, 'Sallique', 6, 608),
(60810, 'San Felipe', 6, 608),
(60811, 'San José del Alto', 6, 608),
(60812, 'Santa Rosa', 6, 608),
(60901, 'San Ignacio', 6, 609),
(60902, 'Chirinos', 6, 609),
(60903, 'Huarango', 6, 609),
(60904, 'La Coipa', 6, 609),
(60905, 'Namballe', 6, 609),
(60906, 'San José de Lourdes', 6, 609),
(60907, 'Tabaconas', 6, 609),
(61001, 'Pedro Gálvez', 6, 610),
(61002, 'Chancay', 6, 610),
(61003, 'Eduardo Villanueva', 6, 610),
(61004, 'Gregorio Pita', 6, 610),
(61005, 'Ichocan', 6, 610),
(61006, 'José Manuel Quiroz', 6, 610),
(61007, 'José Sabogal', 6, 610),
(61101, 'San Miguel', 6, 611),
(61102, 'Bolívar', 6, 611),
(61103, 'Calquis', 6, 611),
(61104, 'Catilluc', 6, 611),
(61105, 'El Prado', 6, 611),
(61106, 'La Florida', 6, 611),
(61107, 'Llapa', 6, 611),
(61108, 'Nanchoc', 6, 611),
(61109, 'Niepos', 6, 611),
(61110, 'San Gregorio', 6, 611),
(61111, 'San Silvestre de Cochan', 6, 611),
(61112, 'Tongod', 6, 611),
(61113, 'Unión Agua Blanca', 6, 611),
(61201, 'San Pablo', 6, 612),
(61202, 'San Bernardino', 6, 612),
(61203, 'San Luis', 6, 612),
(61204, 'Tumbaden', 6, 612),
(61301, 'Santa Cruz', 6, 613),
(61302, 'Andabamba', 6, 613),
(61303, 'Catache', 6, 613),
(61304, 'Chancaybaños', 6, 613),
(61305, 'La Esperanza', 6, 613),
(61306, 'Ninabamba', 6, 613),
(61307, 'Pulan', 6, 613),
(61308, 'Saucepampa', 6, 613),
(61309, 'Sexi', 6, 613),
(61310, 'Uticyacu', 6, 613),
(61311, 'Yauyucan', 6, 613),
(70101, 'Callao', 7, 701),
(70102, 'Bellavista', 7, 701),
(70103, 'Carmen de la Legua Reynoso', 7, 701),
(70104, 'La Perla', 7, 701),
(70105, 'La Punta', 7, 701),
(70106, 'Ventanilla', 7, 701),
(70107, 'Mi Perú', 7, 701),
(80101, 'Cusco', 8, 801),
(80102, 'Ccorca', 8, 801),
(80103, 'Poroy', 8, 801),
(80104, 'San Jerónimo', 8, 801),
(80105, 'San Sebastian', 8, 801),
(80106, 'Santiago', 8, 801),
(80107, 'Saylla', 8, 801),
(80108, 'Wanchaq', 8, 801),
(80201, 'Acomayo', 8, 802),
(80202, 'Acopia', 8, 802),
(80203, 'Acos', 8, 802),
(80204, 'Mosoc Llacta', 8, 802),
(80205, 'Pomacanchi', 8, 802),
(80206, 'Rondocan', 8, 802),
(80207, 'Sangarara', 8, 802),
(80301, 'Anta', 8, 803),
(80302, 'Ancahuasi', 8, 803),
(80303, 'Cachimayo', 8, 803),
(80304, 'Chinchaypujio', 8, 803),
(80305, 'Huarocondo', 8, 803),
(80306, 'Limatambo', 8, 803),
(80307, 'Mollepata', 8, 803),
(80308, 'Pucyura', 8, 803),
(80309, 'Zurite', 8, 803),
(80401, 'Calca', 8, 804),
(80402, 'Coya', 8, 804),
(80403, 'Lamay', 8, 804),
(80404, 'Lares', 8, 804),
(80405, 'Pisac', 8, 804),
(80406, 'San Salvador', 8, 804),
(80407, 'Taray', 8, 804),
(80408, 'Yanatile', 8, 804),
(80501, 'Yanaoca', 8, 805),
(80502, 'Checca', 8, 805),
(80503, 'Kunturkanki', 8, 805),
(80504, 'Langui', 8, 805),
(80505, 'Layo', 8, 805),
(80506, 'Pampamarca', 8, 805),
(80507, 'Quehue', 8, 805),
(80508, 'Tupac Amaru', 8, 805),
(80601, 'Sicuani', 8, 806),
(80602, 'Checacupe', 8, 806),
(80603, 'Combapata', 8, 806),
(80604, 'Marangani', 8, 806),
(80605, 'Pitumarca', 8, 806),
(80606, 'San Pablo', 8, 806),
(80607, 'San Pedro', 8, 806),
(80608, 'Tinta', 8, 806),
(80701, 'Santo Tomas', 8, 807),
(80702, 'Capacmarca', 8, 807),
(80703, 'Chamaca', 8, 807),
(80704, 'Colquemarca', 8, 807),
(80705, 'Livitaca', 8, 807),
(80706, 'Llusco', 8, 807),
(80707, 'Quiñota', 8, 807),
(80708, 'Velille', 8, 807),
(80801, 'Espinar', 8, 808),
(80802, 'Condoroma', 8, 808),
(80803, 'Coporaque', 8, 808),
(80804, 'Ocoruro', 8, 808),
(80805, 'Pallpata', 8, 808),
(80806, 'Pichigua', 8, 808),
(80807, 'Suyckutambo', 8, 808),
(80808, 'Alto Pichigua', 8, 808),
(80901, 'Santa Ana', 8, 809),
(80902, 'Echarate', 8, 809),
(80903, 'Huayopata', 8, 809),
(80904, 'Maranura', 8, 809),
(80905, 'Ocobamba', 8, 809),
(80906, 'Quellouno', 8, 809),
(80907, 'Kimbiri', 8, 809),
(80908, 'Santa Teresa', 8, 809),
(80909, 'Vilcabamba', 8, 809),
(80910, 'Pichari', 8, 809),
(80911, 'Inkawasi', 8, 809),
(80912, 'Villa Virgen', 8, 809),
(80913, 'Villa Kintiarina', 8, 809),
(80914, 'Megantoni', 8, 809),
(81001, 'Paruro', 8, 810),
(81002, 'Accha', 8, 810),
(81003, 'Ccapi', 8, 810),
(81004, 'Colcha', 8, 810),
(81005, 'Huanoquite', 8, 810),
(81006, 'Omachaç', 8, 810),
(81007, 'Paccaritambo', 8, 810),
(81008, 'Pillpinto', 8, 810),
(81009, 'Yaurisque', 8, 810),
(81101, 'Paucartambo', 8, 811),
(81102, 'Caicay', 8, 811),
(81103, 'Challabamba', 8, 811),
(81104, 'Colquepata', 8, 811),
(81105, 'Huancarani', 8, 811),
(81106, 'Kosñipata', 8, 811),
(81201, 'Urcos', 8, 812),
(81202, 'Andahuaylillas', 8, 812),
(81203, 'Camanti', 8, 812),
(81204, 'Ccarhuayo', 8, 812),
(81205, 'Ccatca', 8, 812),
(81206, 'Cusipata', 8, 812),
(81207, 'Huaro', 8, 812),
(81208, 'Lucre', 8, 812),
(81209, 'Marcapata', 8, 812),
(81210, 'Ocongate', 8, 812),
(81211, 'Oropesa', 8, 812),
(81212, 'Quiquijana', 8, 812),
(81301, 'Urubamba', 8, 813),
(81302, 'Chinchero', 8, 813),
(81303, 'Huayllabamba', 8, 813),
(81304, 'Machupicchu', 8, 813),
(81305, 'Maras', 8, 813),
(81306, 'Ollantaytambo', 8, 813),
(81307, 'Yucay', 8, 813),
(90101, 'Huancavelica', 9, 901),
(90102, 'Acobambilla', 9, 901),
(90103, 'Acoria', 9, 901),
(90104, 'Conayca', 9, 901),
(90105, 'Cuenca', 9, 901),
(90106, 'Huachocolpa', 9, 901),
(90107, 'Huayllahuara', 9, 901),
(90108, 'Izcuchaca', 9, 901),
(90109, 'Laria', 9, 901),
(90110, 'Manta', 9, 901),
(90111, 'Mariscal Cáceres', 9, 901),
(90112, 'Moya', 9, 901),
(90113, 'Nuevo Occoro', 9, 901),
(90114, 'Palca', 9, 901),
(90115, 'Pilchaca', 9, 901),
(90116, 'Vilca', 9, 901),
(90117, 'Yauli', 9, 901),
(90118, 'Ascensión', 9, 901),
(90119, 'Huando', 9, 901),
(90201, 'Acobamba', 9, 902),
(90202, 'Andabamba', 9, 902),
(90203, 'Anta', 9, 902),
(90204, 'Caja', 9, 902),
(90205, 'Marcas', 9, 902),
(90206, 'Paucara', 9, 902),
(90207, 'Pomacocha', 9, 902),
(90208, 'Rosario', 9, 902),
(90301, 'Lircay', 9, 903),
(90302, 'Anchonga', 9, 903),
(90303, 'Callanmarca', 9, 903),
(90304, 'Ccochaccasa', 9, 903),
(90305, 'Chincho', 9, 903),
(90306, 'Congalla', 9, 903),
(90307, 'Huanca-Huanca', 9, 903),
(90308, 'Huayllay Grande', 9, 903),
(90309, 'Julcamarca', 9, 903),
(90310, 'San Antonio de Antaparco', 9, 903),
(90311, 'Santo Tomas de Pata', 9, 903),
(90312, 'Secclla', 9, 903),
(90401, 'Castrovirreyna', 9, 904),
(90402, 'Arma', 9, 904),
(90403, 'Aurahua', 9, 904),
(90404, 'Capillas', 9, 904),
(90405, 'Chupamarca', 9, 904),
(90406, 'Cocas', 9, 904),
(90407, 'Huachos', 9, 904),
(90408, 'Huamatambo', 9, 904),
(90409, 'Mollepampa', 9, 904),
(90410, 'San Juan', 9, 904),
(90411, 'Santa Ana', 9, 904),
(90412, 'Tantara', 9, 904),
(90413, 'Ticrapo', 9, 904),
(90501, 'Churcampa', 9, 905),
(90502, 'Anco', 9, 905),
(90503, 'Chinchihuasi', 9, 905),
(90504, 'El Carmen', 9, 905),
(90505, 'La Merced', 9, 905),
(90506, 'Locroja', 9, 905),
(90507, 'Paucarbamba', 9, 905),
(90508, 'San Miguel de Mayocc', 9, 905),
(90509, 'San Pedro de Coris', 9, 905),
(90510, 'Pachamarca', 9, 905),
(90511, 'Cosme', 9, 905),
(90601, 'Huaytara', 9, 906),
(90602, 'Ayavi', 9, 906),
(90603, 'Córdova', 9, 906),
(90604, 'Huayacundo Arma', 9, 906),
(90605, 'Laramarca', 9, 906),
(90606, 'Ocoyo', 9, 906),
(90607, 'Pilpichaca', 9, 906),
(90608, 'Querco', 9, 906),
(90609, 'Quito-Arma', 9, 906),
(90610, 'San Antonio de Cusicancha', 9, 906),
(90611, 'San Francisco de Sangayaico', 9, 906),
(90612, 'San Isidro', 9, 906),
(90613, 'Santiago de Chocorvos', 9, 906),
(90614, 'Santiago de Quirahuara', 9, 906),
(90615, 'Santo Domingo de Capillas', 9, 906),
(90616, 'Tambo', 9, 906),
(90701, 'Pampas', 9, 907),
(90702, 'Acostambo', 9, 907),
(90703, 'Acraquia', 9, 907),
(90704, 'Ahuaycha', 9, 907),
(90705, 'Colcabamba', 9, 907),
(90706, 'Daniel Hernández', 9, 907),
(90707, 'Huachocolpa', 9, 907),
(90709, 'Huaribamba', 9, 907),
(90710, 'Ñahuimpuquio', 9, 907),
(90711, 'Pazos', 9, 907),
(90713, 'Quishuar', 9, 907),
(90714, 'Salcabamba', 9, 907),
(90715, 'Salcahuasi', 9, 907),
(90716, 'San Marcos de Rocchac', 9, 907),
(90717, 'Surcubamba', 9, 907),
(90718, 'Tintay Puncu', 9, 907),
(90719, 'Quichuas', 9, 907),
(90720, 'Andaymarca', 9, 907),
(90721, 'Roble', 9, 907),
(90722, 'Pichos', 9, 907),
(90723, 'Santiago de Tucuma', 9, 907),
(100101, 'Huanuco', 10, 1001),
(100102, 'Amarilis', 10, 1001),
(100103, 'Chinchao', 10, 1001),
(100104, 'Churubamba', 10, 1001),
(100105, 'Margos', 10, 1001),
(100106, 'Quisqui (Kichki)', 10, 1001),
(100107, 'San Francisco de Cayran', 10, 1001),
(100108, 'San Pedro de Chaulan', 10, 1001),
(100109, 'Santa María del Valle', 10, 1001),
(100110, 'Yarumayo', 10, 1001),
(100111, 'Pillco Marca', 10, 1001),
(100112, 'Yacus', 10, 1001),
(100113, 'San Pablo de Pillao', 10, 1001),
(100201, 'Ambo', 10, 1002),
(100202, 'Cayna', 10, 1002),
(100203, 'Colpas', 10, 1002),
(100204, 'Conchamarca', 10, 1002),
(100205, 'Huacar', 10, 1002),
(100206, 'San Francisco', 10, 1002),
(100207, 'San Rafael', 10, 1002),
(100208, 'Tomay Kichwa', 10, 1002),
(100301, 'La Unión', 10, 1003),
(100307, 'Chuquis', 10, 1003),
(100311, 'Marías', 10, 1003),
(100313, 'Pachas', 10, 1003),
(100316, 'Quivilla', 10, 1003),
(100317, 'Ripan', 10, 1003),
(100321, 'Shunqui', 10, 1003),
(100322, 'Sillapata', 10, 1003),
(100323, 'Yanas', 10, 1003),
(100401, 'Huacaybamba', 10, 1004),
(100402, 'Canchabamba', 10, 1004),
(100403, 'Cochabamba', 10, 1004),
(100404, 'Pinra', 10, 1004),
(100501, 'Llata', 10, 1005),
(100502, 'Arancay', 10, 1005),
(100503, 'Chavín de Pariarca', 10, 1005),
(100504, 'Jacas Grande', 10, 1005),
(100505, 'Jircan', 10, 1005),
(100506, 'Miraflores', 10, 1005),
(100507, 'Monzón', 10, 1005),
(100508, 'Punchao', 10, 1005),
(100509, 'Puños', 10, 1005),
(100510, 'Singa', 10, 1005),
(100511, 'Tantamayo', 10, 1005),
(100601, 'Rupa-Rupa', 10, 1006),
(100602, 'Daniel Alomía Robles', 10, 1006),
(100603, 'Hermílio Valdizan', 10, 1006),
(100604, 'José Crespo y Castillo', 10, 1006),
(100605, 'Luyando', 10, 1006),
(100606, 'Mariano Damaso Beraun', 10, 1006),
(100607, 'Pucayacu', 10, 1006),
(100608, 'Castillo Grande', 10, 1006),
(100609, 'Pueblo Nuevo', 10, 1006),
(100610, 'Santo Domingo de Anda', 10, 1006),
(100701, 'Huacrachuco', 10, 1007),
(100702, 'Cholon', 10, 1007),
(100703, 'San Buenaventura', 10, 1007),
(100704, 'La Morada', 10, 1007),
(100705, 'Santa Rosa de Alto Yanajanca', 10, 1007),
(100801, 'Panao', 10, 1008),
(100802, 'Chaglla', 10, 1008),
(100803, 'Molino', 10, 1008),
(100804, 'Umari', 10, 1008),
(100901, 'Puerto Inca', 10, 1009),
(100902, 'Codo del Pozuzo', 10, 1009),
(100903, 'Honoria', 10, 1009),
(100904, 'Tournavista', 10, 1009),
(100905, 'Yuyapichis', 10, 1009),
(101001, 'Jesús', 10, 1010),
(101002, 'Baños', 10, 1010),
(101003, 'Jivia', 10, 1010),
(101004, 'Queropalca', 10, 1010),
(101005, 'Rondos', 10, 1010),
(101006, 'San Francisco de Asís', 10, 1010),
(101007, 'San Miguel de Cauri', 10, 1010),
(101101, 'Chavinillo', 10, 1011),
(101102, 'Cahuac', 10, 1011),
(101103, 'Chacabamba', 10, 1011),
(101104, 'Aparicio Pomares', 10, 1011),
(101105, 'Jacas Chico', 10, 1011),
(101106, 'Obas', 10, 1011),
(101107, 'Pampamarca', 10, 1011),
(101108, 'Choras', 10, 1011),
(110101, 'Ica', 11, 1101),
(110102, 'La Tinguiña', 11, 1101),
(110103, 'Los Aquijes', 11, 1101),
(110104, 'Ocucaje', 11, 1101),
(110105, 'Pachacutec', 11, 1101),
(110106, 'Parcona', 11, 1101),
(110107, 'Pueblo Nuevo', 11, 1101),
(110108, 'Salas', 11, 1101),
(110109, 'San José de Los Molinos', 11, 1101),
(110110, 'San Juan Bautista', 11, 1101),
(110111, 'Santiago', 11, 1101),
(110112, 'Subtanjalla', 11, 1101),
(110113, 'Tate', 11, 1101),
(110114, 'Yauca del Rosario', 11, 1101),
(110201, 'Chincha Alta', 11, 1102),
(110202, 'Alto Laran', 11, 1102),
(110203, 'Chavin', 11, 1102),
(110204, 'Chincha Baja', 11, 1102),
(110205, 'El Carmen', 11, 1102),
(110206, 'Grocio Prado', 11, 1102),
(110207, 'Pueblo Nuevo', 11, 1102),
(110208, 'San Juan de Yanac', 11, 1102),
(110209, 'San Pedro de Huacarpana', 11, 1102),
(110210, 'Sunampe', 11, 1102),
(110211, 'Tambo de Mora', 11, 1102),
(110301, 'Nasca', 11, 1103),
(110302, 'Changuillo', 11, 1103),
(110303, 'El Ingenio', 11, 1103),
(110304, 'Marcona', 11, 1103),
(110305, 'Vista Alegre', 11, 1103),
(110401, 'Palpa', 11, 1104),
(110402, 'Llipata', 11, 1104),
(110403, 'Río Grande', 11, 1104),
(110404, 'Santa Cruz', 11, 1104),
(110405, 'Tibillo', 11, 1104),
(110501, 'Pisco', 11, 1105),
(110502, 'Huancano', 11, 1105),
(110503, 'Humay', 11, 1105),
(110504, 'Independencia', 11, 1105),
(110505, 'Paracas', 11, 1105),
(110506, 'San Andrés', 11, 1105),
(110507, 'San Clemente', 11, 1105),
(110508, 'Tupac Amaru Inca', 11, 1105),
(120101, 'Huancayo', 12, 1201),
(120104, 'Carhuacallanga', 12, 1201),
(120105, 'Chacapampa', 12, 1201),
(120106, 'Chicche', 12, 1201),
(120107, 'Chilca', 12, 1201),
(120108, 'Chongos Alto', 12, 1201),
(120111, 'Chupuro', 12, 1201),
(120112, 'Colca', 12, 1201),
(120113, 'Cullhuas', 12, 1201),
(120114, 'El Tambo', 12, 1201),
(120116, 'Huacrapuquio', 12, 1201),
(120117, 'Hualhuas', 12, 1201),
(120119, 'Huancan', 12, 1201),
(120120, 'Huasicancha', 12, 1201),
(120121, 'Huayucachi', 12, 1201),
(120122, 'Ingenio', 12, 1201),
(120124, 'Pariahuanca', 12, 1201),
(120125, 'Pilcomayo', 12, 1201),
(120126, 'Pucara', 12, 1201),
(120127, 'Quichuay', 12, 1201),
(120128, 'Quilcas', 12, 1201),
(120129, 'San Agustín', 12, 1201),
(120130, 'San Jerónimo de Tunan', 12, 1201),
(120132, 'Saño', 12, 1201),
(120133, 'Sapallanga', 12, 1201),
(120134, 'Sicaya', 12, 1201),
(120135, 'Santo Domingo de Acobamba', 12, 1201),
(120136, 'Viques', 12, 1201),
(120201, 'Concepción', 12, 1202),
(120202, 'Aco', 12, 1202),
(120203, 'Andamarca', 12, 1202),
(120204, 'Chambara', 12, 1202),
(120205, 'Cochas', 12, 1202),
(120206, 'Comas', 12, 1202),
(120207, 'Heroínas Toledo', 12, 1202),
(120208, 'Manzanares', 12, 1202),
(120209, 'Mariscal Castilla', 12, 1202),
(120210, 'Matahuasi', 12, 1202),
(120211, 'Mito', 12, 1202),
(120212, 'Nueve de Julio', 12, 1202),
(120213, 'Orcotuna', 12, 1202),
(120214, 'San José de Quero', 12, 1202),
(120215, 'Santa Rosa de Ocopa', 12, 1202),
(120301, 'Chanchamayo', 12, 1203),
(120302, 'Perene', 12, 1203),
(120303, 'Pichanaqui', 12, 1203),
(120304, 'San Luis de Shuaro', 12, 1203),
(120305, 'San Ramón', 12, 1203),
(120306, 'Vitoc', 12, 1203),
(120401, 'Jauja', 12, 1204),
(120402, 'Acolla', 12, 1204),
(120403, 'Apata', 12, 1204),
(120404, 'Ataura', 12, 1204),
(120405, 'Canchayllo', 12, 1204),
(120406, 'Curicaca', 12, 1204),
(120407, 'El Mantaro', 12, 1204),
(120408, 'Huamali', 12, 1204),
(120409, 'Huaripampa', 12, 1204),
(120410, 'Huertas', 12, 1204),
(120411, 'Janjaillo', 12, 1204),
(120412, 'Julcán', 12, 1204),
(120413, 'Leonor Ordóñez', 12, 1204),
(120414, 'Llocllapampa', 12, 1204),
(120415, 'Marco', 12, 1204),
(120416, 'Masma', 12, 1204),
(120417, 'Masma Chicche', 12, 1204),
(120418, 'Molinos', 12, 1204),
(120419, 'Monobamba', 12, 1204),
(120420, 'Muqui', 12, 1204),
(120421, 'Muquiyauyo', 12, 1204),
(120422, 'Paca', 12, 1204),
(120423, 'Paccha', 12, 1204),
(120424, 'Pancan', 12, 1204),
(120425, 'Parco', 12, 1204),
(120426, 'Pomacancha', 12, 1204),
(120427, 'Ricran', 12, 1204),
(120428, 'San Lorenzo', 12, 1204),
(120429, 'San Pedro de Chunan', 12, 1204),
(120430, 'Sausa', 12, 1204),
(120431, 'Sincos', 12, 1204),
(120432, 'Tunan Marca', 12, 1204),
(120433, 'Yauli', 12, 1204),
(120434, 'Yauyos', 12, 1204),
(120501, 'Junin', 12, 1205),
(120502, 'Carhuamayo', 12, 1205),
(120503, 'Ondores', 12, 1205),
(120504, 'Ulcumayo', 12, 1205),
(120601, 'Satipo', 12, 1206),
(120602, 'Coviriali', 12, 1206),
(120603, 'Llaylla', 12, 1206),
(120604, 'Mazamari', 12, 1206),
(120605, 'Pampa Hermosa', 12, 1206),
(120606, 'Pangoa', 12, 1206),
(120607, 'Río Negro', 12, 1206),
(120608, 'Río Tambo', 12, 1206),
(120609, 'Vizcatan del Ene', 12, 1206),
(120701, 'Tarma', 12, 1207),
(120702, 'Acobamba', 12, 1207),
(120703, 'Huaricolca', 12, 1207),
(120704, 'Huasahuasi', 12, 1207),
(120705, 'La Unión', 12, 1207),
(120706, 'Palca', 12, 1207),
(120707, 'Palcamayo', 12, 1207),
(120708, 'San Pedro de Cajas', 12, 1207),
(120709, 'Tapo', 12, 1207),
(120801, 'La Oroya', 12, 1208),
(120802, 'Chacapalpa', 12, 1208),
(120803, 'Huay-Huay', 12, 1208),
(120804, 'Marcapomacocha', 12, 1208),
(120805, 'Morococha', 12, 1208),
(120806, 'Paccha', 12, 1208),
(120807, 'Santa Bárbara de Carhuacayan', 12, 1208),
(120808, 'Santa Rosa de Sacco', 12, 1208),
(120809, 'Suitucancha', 12, 1208),
(120810, 'Yauli', 12, 1208),
(120901, 'Chupaca', 12, 1209),
(120902, 'Ahuac', 12, 1209),
(120903, 'Chongos Bajo', 12, 1209),
(120904, 'Huachac', 12, 1209),
(120905, 'Huamancaca Chico', 12, 1209),
(120906, 'San Juan de Iscos', 12, 1209),
(120907, 'San Juan de Jarpa', 12, 1209),
(120908, 'Tres de Diciembre', 12, 1209),
(120909, 'Yanacancha', 12, 1209),
(130101, 'Trujillo', 13, 1301),
(130102, 'El Porvenir', 13, 1301),
(130103, 'Florencia de Mora', 13, 1301),
(130104, 'Huanchaco', 13, 1301),
(130105, 'La Esperanza', 13, 1301),
(130106, 'Laredo', 13, 1301),
(130107, 'Moche', 13, 1301),
(130108, 'Poroto', 13, 1301),
(130109, 'Salaverry', 13, 1301),
(130110, 'Simbal', 13, 1301),
(130111, 'Victor Larco Herrera', 13, 1301),
(130201, 'Ascope', 13, 1302),
(130202, 'Chicama', 13, 1302),
(130203, 'Chocope', 13, 1302),
(130204, 'Magdalena de Cao', 13, 1302),
(130205, 'Paijan', 13, 1302),
(130206, 'Rázuri', 13, 1302),
(130207, 'Santiago de Cao', 13, 1302),
(130208, 'Casa Grande', 13, 1302),
(130301, 'Bolívar', 13, 1303),
(130302, 'Bambamarca', 13, 1303),
(130303, 'Condormarca', 13, 1303),
(130304, 'Longotea', 13, 1303),
(130305, 'Uchumarca', 13, 1303),
(130306, 'Ucuncha', 13, 1303),
(130401, 'Chepen', 13, 1304),
(130402, 'Pacanga', 13, 1304),
(130403, 'Pueblo Nuevo', 13, 1304),
(130501, 'Julcan', 13, 1305),
(130502, 'Calamarca', 13, 1305),
(130503, 'Carabamba', 13, 1305),
(130504, 'Huaso', 13, 1305),
(130601, 'Otuzco', 13, 1306),
(130602, 'Agallpampa', 13, 1306),
(130604, 'Charat', 13, 1306),
(130605, 'Huaranchal', 13, 1306),
(130606, 'La Cuesta', 13, 1306),
(130608, 'Mache', 13, 1306),
(130610, 'Paranday', 13, 1306),
(130611, 'Salpo', 13, 1306),
(130613, 'Sinsicap', 13, 1306),
(130614, 'Usquil', 13, 1306),
(130701, 'San Pedro de Lloc', 13, 1307),
(130702, 'Guadalupe', 13, 1307),
(130703, 'Jequetepeque', 13, 1307),
(130704, 'Pacasmayo', 13, 1307),
(130705, 'San José', 13, 1307),
(130801, 'Tayabamba', 13, 1308),
(130802, 'Buldibuyo', 13, 1308),
(130803, 'Chillia', 13, 1308),
(130804, 'Huancaspata', 13, 1308),
(130805, 'Huaylillas', 13, 1308),
(130806, 'Huayo', 13, 1308),
(130807, 'Ongon', 13, 1308),
(130808, 'Parcoy', 13, 1308),
(130809, 'Pataz', 13, 1308),
(130810, 'Pias', 13, 1308),
(130811, 'Santiago de Challas', 13, 1308),
(130812, 'Taurija', 13, 1308),
(130813, 'Urpay', 13, 1308),
(130901, 'Huamachuco', 13, 1309),
(130902, 'Chugay', 13, 1309),
(130903, 'Cochorco', 13, 1309),
(130904, 'Curgos', 13, 1309),
(130905, 'Marcabal', 13, 1309),
(130906, 'Sanagoran', 13, 1309),
(130907, 'Sarin', 13, 1309),
(130908, 'Sartimbamba', 13, 1309),
(131001, 'Santiago de Chuco', 13, 1310),
(131002, 'Angasmarca', 13, 1310),
(131003, 'Cachicadan', 13, 1310),
(131004, 'Mollebamba', 13, 1310),
(131005, 'Mollepata', 13, 1310),
(131006, 'Quiruvilca', 13, 1310),
(131007, 'Santa Cruz de Chuca', 13, 1310),
(131008, 'Sitabamba', 13, 1310),
(131101, 'Cascas', 13, 1311),
(131102, 'Lucma', 13, 1311),
(131103, 'Marmot', 13, 1311),
(131104, 'Sayapullo', 13, 1311),
(131201, 'Viru', 13, 1312),
(131202, 'Chao', 13, 1312),
(131203, 'Guadalupito', 13, 1312),
(140101, 'Chiclayo', 14, 1401),
(140102, 'Chongoyape', 14, 1401),
(140103, 'Eten', 14, 1401),
(140104, 'Eten Puerto', 14, 1401),
(140105, 'José Leonardo Ortiz', 14, 1401),
(140106, 'La Victoria', 14, 1401),
(140107, 'Lagunas', 14, 1401),
(140108, 'Monsefu', 14, 1401),
(140109, 'Nueva Arica', 14, 1401),
(140110, 'Oyotun', 14, 1401),
(140111, 'Picsi', 14, 1401),
(140112, 'Pimentel', 14, 1401),
(140113, 'Reque', 14, 1401),
(140114, 'Santa Rosa', 14, 1401),
(140115, 'Saña', 14, 1401),
(140116, 'Cayalti', 14, 1401),
(140117, 'Patapo', 14, 1401),
(140118, 'Pomalca', 14, 1401),
(140119, 'Pucala', 14, 1401),
(140120, 'Tuman', 14, 1401),
(140201, 'Ferreñafe', 14, 1402),
(140202, 'Cañaris', 14, 1402),
(140203, 'Incahuasi', 14, 1402),
(140204, 'Manuel Antonio Mesones Muro', 14, 1402),
(140205, 'Pitipo', 14, 1402),
(140206, 'Pueblo Nuevo', 14, 1402),
(140301, 'Lambayeque', 14, 1403),
(140302, 'Chochope', 14, 1403),
(140303, 'Illimo', 14, 1403),
(140304, 'Jayanca', 14, 1403),
(140305, 'Mochumi', 14, 1403),
(140306, 'Morrope', 14, 1403),
(140307, 'Motupe', 14, 1403),
(140308, 'Olmos', 14, 1403),
(140309, 'Pacora', 14, 1403),
(140310, 'Salas', 14, 1403),
(140311, 'San José', 14, 1403),
(140312, 'Tucume', 14, 1403),
(150101, 'Lima', 15, 1501),
(150102, 'Ancón', 15, 1501),
(150103, 'Ate', 15, 1501),
(150104, 'Barranco', 15, 1501),
(150105, 'Breña', 15, 1501),
(150106, 'Carabayllo', 15, 1501),
(150107, 'Chaclacayo', 15, 1501),
(150108, 'Chorrillos', 15, 1501),
(150109, 'Cieneguilla', 15, 1501),
(150110, 'Comas', 15, 1501),
(150111, 'El Agustino', 15, 1501),
(150112, 'Independencia', 15, 1501),
(150113, 'Jesús María', 15, 1501),
(150114, 'La Molina', 15, 1501),
(150115, 'La Victoria', 15, 1501),
(150116, 'Lince', 15, 1501),
(150117, 'Los Olivos', 15, 1501),
(150118, 'Lurigancho', 15, 1501),
(150119, 'Lurin', 15, 1501),
(150120, 'Magdalena del Mar', 15, 1501),
(150121, 'Pueblo Libre', 15, 1501),
(150122, 'Miraflores', 15, 1501),
(150123, 'Pachacamac', 15, 1501),
(150124, 'Pucusana', 15, 1501),
(150125, 'Puente Piedra', 15, 1501),
(150126, 'Punta Hermosa', 15, 1501),
(150127, 'Punta Negra', 15, 1501),
(150128, 'Rímac', 15, 1501),
(150129, 'San Bartolo', 15, 1501),
(150130, 'San Borja', 15, 1501),
(150131, 'San Isidro', 15, 1501),
(150132, 'San Juan de Lurigancho', 15, 1501),
(150133, 'San Juan de Miraflores', 15, 1501),
(150134, 'San Luis', 15, 1501),
(150135, 'San Martín de Porres', 15, 1501),
(150136, 'San Miguel', 15, 1501),
(150137, 'Santa Anita', 15, 1501),
(150138, 'Santa María del Mar', 15, 1501),
(150139, 'Santa Rosa', 15, 1501),
(150140, 'Santiago de Surco', 15, 1501),
(150141, 'Surquillo', 15, 1501),
(150142, 'Villa El Salvador', 15, 1501),
(150143, 'Villa María del Triunfo', 15, 1501),
(150201, 'Barranca', 15, 1502),
(150202, 'Paramonga', 15, 1502),
(150203, 'Pativilca', 15, 1502),
(150204, 'Supe', 15, 1502),
(150205, 'Supe Puerto', 15, 1502),
(150301, 'Cajatambo', 15, 1503),
(150302, 'Copa', 15, 1503),
(150303, 'Gorgor', 15, 1503),
(150304, 'Huancapon', 15, 1503),
(150305, 'Manas', 15, 1503),
(150401, 'Canta', 15, 1504),
(150402, 'Arahuay', 15, 1504),
(150403, 'Huamantanga', 15, 1504),
(150404, 'Huaros', 15, 1504),
(150405, 'Lachaqui', 15, 1504),
(150406, 'San Buenaventura', 15, 1504),
(150407, 'Santa Rosa de Quives', 15, 1504),
(150501, 'San Vicente de Cañete', 15, 1505),
(150502, 'Asia', 15, 1505),
(150503, 'Calango', 15, 1505),
(150504, 'Cerro Azul', 15, 1505),
(150505, 'Chilca', 15, 1505),
(150506, 'Coayllo', 15, 1505),
(150507, 'Imperial', 15, 1505),
(150508, 'Lunahuana', 15, 1505),
(150509, 'Mala', 15, 1505),
(150510, 'Nuevo Imperial', 15, 1505),
(150511, 'Pacaran', 15, 1505),
(150512, 'Quilmana', 15, 1505),
(150513, 'San Antonio', 15, 1505),
(150514, 'San Luis', 15, 1505),
(150515, 'Santa Cruz de Flores', 15, 1505),
(150516, 'Zúñiga', 15, 1505),
(150601, 'Huaral', 15, 1506),
(150602, 'Atavillos Alto', 15, 1506),
(150603, 'Atavillos Bajo', 15, 1506),
(150604, 'Aucallama', 15, 1506),
(150605, 'Chancay', 15, 1506),
(150606, 'Ihuari', 15, 1506),
(150607, 'Lampian', 15, 1506),
(150608, 'Pacaraos', 15, 1506),
(150609, 'San Miguel de Acos', 15, 1506),
(150610, 'Santa Cruz de Andamarca', 15, 1506),
(150611, 'Sumbilca', 15, 1506),
(150612, 'Veintisiete de Noviembre', 15, 1506),
(150701, 'Matucana', 15, 1507),
(150702, 'Antioquia', 15, 1507),
(150703, 'Callahuanca', 15, 1507),
(150704, 'Carampoma', 15, 1507),
(150705, 'Chicla', 15, 1507),
(150706, 'Cuenca', 15, 1507),
(150707, 'Huachupampa', 15, 1507),
(150708, 'Huanza', 15, 1507),
(150709, 'Huarochiri', 15, 1507),
(150710, 'Lahuaytambo', 15, 1507),
(150711, 'Langa', 15, 1507),
(150712, 'Laraos', 15, 1507),
(150713, 'Mariatana', 15, 1507),
(150714, 'Ricardo Palma', 15, 1507),
(150715, 'San Andrés de Tupicocha', 15, 1507),
(150716, 'San Antonio', 15, 1507),
(150717, 'San Bartolomé', 15, 1507),
(150718, 'San Damian', 15, 1507),
(150719, 'San Juan de Iris', 15, 1507),
(150720, 'San Juan de Tantaranche', 15, 1507),
(150721, 'San Lorenzo de Quinti', 15, 1507),
(150722, 'San Mateo', 15, 1507),
(150723, 'San Mateo de Otao', 15, 1507),
(150724, 'San Pedro de Casta', 15, 1507),
(150725, 'San Pedro de Huancayre', 15, 1507),
(150726, 'Sangallaya', 15, 1507),
(150727, 'Santa Cruz de Cocachacra', 15, 1507),
(150728, 'Santa Eulalia', 15, 1507),
(150729, 'Santiago de Anchucaya', 15, 1507),
(150730, 'Santiago de Tuna', 15, 1507),
(150731, 'Santo Domingo de Los Olleros', 15, 1507),
(150732, 'Surco', 15, 1507),
(150801, 'Huacho', 15, 1508),
(150802, 'Ambar', 15, 1508),
(150803, 'Caleta de Carquin', 15, 1508),
(150804, 'Checras', 15, 1508),
(150805, 'Hualmay', 15, 1508),
(150806, 'Huaura', 15, 1508),
(150807, 'Leoncio Prado', 15, 1508),
(150808, 'Paccho', 15, 1508),
(150809, 'Santa Leonor', 15, 1508),
(150810, 'Santa María', 15, 1508),
(150811, 'Sayan', 15, 1508),
(150812, 'Vegueta', 15, 1508),
(150901, 'Oyon', 15, 1509),
(150902, 'Andajes', 15, 1509),
(150903, 'Caujul', 15, 1509),
(150904, 'Cochamarca', 15, 1509),
(150905, 'Navan', 15, 1509),
(150906, 'Pachangara', 15, 1509),
(151001, 'Yauyos', 15, 1510),
(151002, 'Alis', 15, 1510),
(151003, 'Allauca', 15, 1510),
(151004, 'Ayaviri', 15, 1510),
(151005, 'Azángaro', 15, 1510),
(151006, 'Cacra', 15, 1510),
(151007, 'Carania', 15, 1510),
(151008, 'Catahuasi', 15, 1510),
(151009, 'Chocos', 15, 1510),
(151010, 'Cochas', 15, 1510),
(151011, 'Colonia', 15, 1510),
(151012, 'Hongos', 15, 1510),
(151013, 'Huampara', 15, 1510),
(151014, 'Huancaya', 15, 1510),
(151015, 'Huangascar', 15, 1510),
(151016, 'Huantan', 15, 1510),
(151017, 'Huañec', 15, 1510),
(151018, 'Laraos', 15, 1510),
(151019, 'Lincha', 15, 1510),
(151020, 'Madean', 15, 1510),
(151021, 'Miraflores', 15, 1510),
(151022, 'Omas', 15, 1510),
(151023, 'Putinza', 15, 1510),
(151024, 'Quinches', 15, 1510),
(151025, 'Quinocay', 15, 1510),
(151026, 'San Joaquín', 15, 1510),
(151027, 'San Pedro de Pilas', 15, 1510),
(151028, 'Tanta', 15, 1510),
(151029, 'Tauripampa', 15, 1510),
(151030, 'Tomas', 15, 1510),
(151031, 'Tupe', 15, 1510),
(151032, 'Viñac', 15, 1510),
(151033, 'Vitis', 15, 1510),
(160101, 'Iquitos', 16, 1601),
(160102, 'Alto Nanay', 16, 1601),
(160103, 'Fernando Lores', 16, 1601),
(160104, 'Indiana', 16, 1601),
(160105, 'Las Amazonas', 16, 1601),
(160106, 'Mazan', 16, 1601),
(160107, 'Napo', 16, 1601),
(160108, 'Punchana', 16, 1601),
(160110, 'Torres Causana', 16, 1601),
(160112, 'Belén', 16, 1601),
(160113, 'San Juan Bautista', 16, 1601),
(160201, 'Yurimaguas', 16, 1602),
(160202, 'Balsapuerto', 16, 1602),
(160205, 'Jeberos', 16, 1602),
(160206, 'Lagunas', 16, 1602),
(160210, 'Santa Cruz', 16, 1602),
(160211, 'Teniente Cesar López Rojas', 16, 1602),
(160301, 'Nauta', 16, 1603),
(160302, 'Parinari', 16, 1603),
(160303, 'Tigre', 16, 1603),
(160304, 'Trompeteros', 16, 1603),
(160305, 'Urarinas', 16, 1603),
(160401, 'Ramón Castilla', 16, 1604),
(160402, 'Pebas', 16, 1604),
(160403, 'Yavari', 16, 1604),
(160404, 'San Pablo', 16, 1604),
(160501, 'Requena', 16, 1605),
(160502, 'Alto Tapiche', 16, 1605),
(160503, 'Capelo', 16, 1605),
(160504, 'Emilio San Martín', 16, 1605),
(160505, 'Maquia', 16, 1605),
(160506, 'Puinahua', 16, 1605),
(160507, 'Saquena', 16, 1605),
(160508, 'Soplin', 16, 1605),
(160509, 'Tapiche', 16, 1605),
(160510, 'Jenaro Herrera', 16, 1605),
(160511, 'Yaquerana', 16, 1605),
(160601, 'Contamana', 16, 1606),
(160602, 'Inahuaya', 16, 1606),
(160603, 'Padre Márquez', 16, 1606),
(160604, 'Pampa Hermosa', 16, 1606),
(160605, 'Sarayacu', 16, 1606),
(160606, 'Vargas Guerra', 16, 1606),
(160701, 'Barranca', 16, 1607),
(160702, 'Cahuapanas', 16, 1607),
(160703, 'Manseriche', 16, 1607),
(160704, 'Morona', 16, 1607),
(160705, 'Pastaza', 16, 1607),
(160706, 'Andoas', 16, 1607),
(160801, 'Putumayo', 16, 1608),
(160802, 'Rosa Panduro', 16, 1608),
(160803, 'Teniente Manuel Clavero', 16, 1608),
(160804, 'Yaguas', 16, 1608),
(170101, 'Tambopata', 17, 1701),
(170102, 'Inambari', 17, 1701),
(170103, 'Las Piedras', 17, 1701),
(170104, 'Laberinto', 17, 1701),
(170201, 'Manu', 17, 1702),
(170202, 'Fitzcarrald', 17, 1702),
(170203, 'Madre de Dios', 17, 1702),
(170204, 'Huepetuhe', 17, 1702),
(170301, 'Iñapari', 17, 1703),
(170302, 'Iberia', 17, 1703),
(170303, 'Tahuamanu', 17, 1703),
(180101, 'Moquegua', 18, 1801),
(180102, 'Carumas', 18, 1801),
(180103, 'Cuchumbaya', 18, 1801),
(180104, 'Samegua', 18, 1801),
(180105, 'San Cristóbal', 18, 1801),
(180106, 'Torata', 18, 1801),
(180201, 'Omate', 18, 1802),
(180202, 'Chojata', 18, 1802),
(180203, 'Coalaque', 18, 1802),
(180204, 'Ichuña', 18, 1802),
(180205, 'La Capilla', 18, 1802),
(180206, 'Lloque', 18, 1802),
(180207, 'Matalaque', 18, 1802),
(180208, 'Puquina', 18, 1802),
(180209, 'Quinistaquillas', 18, 1802),
(180210, 'Ubinas', 18, 1802),
(180211, 'Yunga', 18, 1802),
(180301, 'Ilo', 18, 1803),
(180302, 'El Algarrobal', 18, 1803),
(180303, 'Pacocha', 18, 1803),
(190101, 'Chaupimarca', 19, 1901),
(190102, 'Huachon', 19, 1901),
(190103, 'Huariaca', 19, 1901),
(190104, 'Huayllay', 19, 1901),
(190105, 'Ninacaca', 19, 1901),
(190106, 'Pallanchacra', 19, 1901),
(190107, 'Paucartambo', 19, 1901),
(190108, 'San Francisco de Asís de Yarusyacan', 19, 1901),
(190109, 'Simon Bolívar', 19, 1901),
(190110, 'Ticlacayan', 19, 1901),
(190111, 'Tinyahuarco', 19, 1901),
(190112, 'Vicco', 19, 1901),
(190113, 'Yanacancha', 19, 1901),
(190201, 'Yanahuanca', 19, 1902),
(190202, 'Chacayan', 19, 1902),
(190203, 'Goyllarisquizga', 19, 1902),
(190204, 'Paucar', 19, 1902),
(190205, 'San Pedro de Pillao', 19, 1902),
(190206, 'Santa Ana de Tusi', 19, 1902),
(190207, 'Tapuc', 19, 1902),
(190208, 'Vilcabamba', 19, 1902),
(190301, 'Oxapampa', 19, 1903),
(190302, 'Chontabamba', 19, 1903),
(190303, 'Huancabamba', 19, 1903),
(190304, 'Palcazu', 19, 1903),
(190305, 'Pozuzo', 19, 1903),
(190306, 'Puerto Bermúdez', 19, 1903),
(190307, 'Villa Rica', 19, 1903),
(190308, 'Constitución', 19, 1903),
(200101, 'Piura', 20, 2001),
(200104, 'Castilla', 20, 2001),
(200105, 'Catacaos', 20, 2001),
(200107, 'Cura Mori', 20, 2001),
(200108, 'El Tallan', 20, 2001),
(200109, 'La Arena', 20, 2001),
(200110, 'La Unión', 20, 2001),
(200111, 'Las Lomas', 20, 2001),
(200114, 'Tambo Grande', 20, 2001),
(200115, 'Veintiseis de Octubre', 20, 2001),
(200201, 'Ayabaca', 20, 2002),
(200202, 'Frias', 20, 2002),
(200203, 'Jilili', 20, 2002),
(200204, 'Lagunas', 20, 2002),
(200205, 'Montero', 20, 2002),
(200206, 'Pacaipampa', 20, 2002),
(200207, 'Paimas', 20, 2002),
(200208, 'Sapillica', 20, 2002),
(200209, 'Sicchez', 20, 2002),
(200210, 'Suyo', 20, 2002),
(200301, 'Huancabamba', 20, 2003),
(200302, 'Canchaque', 20, 2003),
(200303, 'El Carmen de la Frontera', 20, 2003),
(200304, 'Huarmaca', 20, 2003),
(200305, 'Lalaquiz', 20, 2003),
(200306, 'San Miguel de El Faique', 20, 2003),
(200307, 'Sondor', 20, 2003),
(200308, 'Sondorillo', 20, 2003),
(200401, 'Chulucanas', 20, 2004),
(200402, 'Buenos Aires', 20, 2004),
(200403, 'Chalaco', 20, 2004),
(200404, 'La Matanza', 20, 2004),
(200405, 'Morropon', 20, 2004),
(200406, 'Salitral', 20, 2004),
(200407, 'San Juan de Bigote', 20, 2004),
(200408, 'Santa Catalina de Mossa', 20, 2004),
(200409, 'Santo Domingo', 20, 2004),
(200410, 'Yamango', 20, 2004),
(200501, 'Paita', 20, 2005),
(200502, 'Amotape', 20, 2005),
(200503, 'Arenal', 20, 2005),
(200504, 'Colan', 20, 2005),
(200505, 'La Huaca', 20, 2005),
(200506, 'Tamarindo', 20, 2005),
(200507, 'Vichayal', 20, 2005),
(200601, 'Sullana', 20, 2006),
(200602, 'Bellavista', 20, 2006),
(200603, 'Ignacio Escudero', 20, 2006),
(200604, 'Lancones', 20, 2006),
(200605, 'Marcavelica', 20, 2006),
(200606, 'Miguel Checa', 20, 2006),
(200607, 'Querecotillo', 20, 2006),
(200608, 'Salitral', 20, 2006),
(200701, 'Pariñas', 20, 2007),
(200702, 'El Alto', 20, 2007),
(200703, 'La Brea', 20, 2007),
(200704, 'Lobitos', 20, 2007),
(200705, 'Los Organos', 20, 2007),
(200706, 'Mancora', 20, 2007),
(200801, 'Sechura', 20, 2008),
(200802, 'Bellavista de la Unión', 20, 2008),
(200803, 'Bernal', 20, 2008),
(200804, 'Cristo Nos Valga', 20, 2008),
(200805, 'Vice', 20, 2008),
(200806, 'Rinconada Llicuar', 20, 2008),
(210101, 'Puno', 21, 2101),
(210102, 'Acora', 21, 2101),
(210103, 'Amantani', 21, 2101),
(210104, 'Atuncolla', 21, 2101),
(210105, 'Capachica', 21, 2101),
(210106, 'Chucuito', 21, 2101),
(210107, 'Coata', 21, 2101),
(210108, 'Huata', 21, 2101),
(210109, 'Mañazo', 21, 2101),
(210110, 'Paucarcolla', 21, 2101),
(210111, 'Pichacani', 21, 2101),
(210112, 'Plateria', 21, 2101),
(210113, 'San Antonio', 21, 2101),
(210114, 'Tiquillaca', 21, 2101),
(210115, 'Vilque', 21, 2101),
(210201, 'Azángaro', 21, 2102),
(210202, 'Achaya', 21, 2102),
(210203, 'Arapa', 21, 2102),
(210204, 'Asillo', 21, 2102),
(210205, 'Caminaca', 21, 2102),
(210206, 'Chupa', 21, 2102),
(210207, 'José Domingo Choquehuanca', 21, 2102),
(210208, 'Muñani', 21, 2102),
(210209, 'Potoni', 21, 2102),
(210210, 'Saman', 21, 2102),
(210211, 'San Anton', 21, 2102),
(210212, 'San José', 21, 2102),
(210213, 'San Juan de Salinas', 21, 2102),
(210214, 'Santiago de Pupuja', 21, 2102),
(210215, 'Tirapata', 21, 2102),
(210301, 'Macusani', 21, 2103),
(210302, 'Ajoyani', 21, 2103),
(210303, 'Ayapata', 21, 2103),
(210304, 'Coasa', 21, 2103),
(210305, 'Corani', 21, 2103),
(210306, 'Crucero', 21, 2103),
(210307, 'Ituata', 21, 2103),
(210308, 'Ollachea', 21, 2103),
(210309, 'San Gaban', 21, 2103),
(210310, 'Usicayos', 21, 2103),
(210401, 'Juli', 21, 2104),
(210402, 'Desaguadero', 21, 2104),
(210403, 'Huacullani', 21, 2104),
(210404, 'Kelluyo', 21, 2104),
(210405, 'Pisacoma', 21, 2104),
(210406, 'Pomata', 21, 2104),
(210407, 'Zepita', 21, 2104),
(210501, 'Ilave', 21, 2105),
(210502, 'Capazo', 21, 2105),
(210503, 'Pilcuyo', 21, 2105),
(210504, 'Santa Rosa', 21, 2105),
(210505, 'Conduriri', 21, 2105),
(210601, 'Huancane', 21, 2106);
INSERT INTO `distritos` (`idDistrito`, `nombreDistrito`, `idDepartamento`, `idProvincia`) VALUES
(210602, 'Cojata', 21, 2106),
(210603, 'Huatasani', 21, 2106),
(210604, 'Inchupalla', 21, 2106),
(210605, 'Pusi', 21, 2106),
(210606, 'Rosaspata', 21, 2106),
(210607, 'Taraco', 21, 2106),
(210608, 'Vilque Chico', 21, 2106),
(210701, 'Lampa', 21, 2107),
(210702, 'Cabanilla', 21, 2107),
(210703, 'Calapuja', 21, 2107),
(210704, 'Nicasio', 21, 2107),
(210705, 'Ocuviri', 21, 2107),
(210706, 'Palca', 21, 2107),
(210707, 'Paratia', 21, 2107),
(210708, 'Pucara', 21, 2107),
(210709, 'Santa Lucia', 21, 2107),
(210710, 'Vilavila', 21, 2107),
(210801, 'Ayaviri', 21, 2108),
(210802, 'Antauta', 21, 2108),
(210803, 'Cupi', 21, 2108),
(210804, 'Llalli', 21, 2108),
(210805, 'Macari', 21, 2108),
(210806, 'Nuñoa', 21, 2108),
(210807, 'Orurillo', 21, 2108),
(210808, 'Santa Rosa', 21, 2108),
(210809, 'Umachiri', 21, 2108),
(210901, 'Moho', 21, 2109),
(210902, 'Conima', 21, 2109),
(210903, 'Huayrapata', 21, 2109),
(210904, 'Tilali', 21, 2109),
(211001, 'Putina', 21, 2110),
(211002, 'Ananea', 21, 2110),
(211003, 'Pedro Vilca Apaza', 21, 2110),
(211004, 'Quilcapuncu', 21, 2110),
(211005, 'Sina', 21, 2110),
(211101, 'Juliaca', 21, 2111),
(211102, 'Cabana', 21, 2111),
(211103, 'Cabanillas', 21, 2111),
(211104, 'Caracoto', 21, 2111),
(211105, 'San Miguel', 21, 2111),
(211201, 'Sandia', 21, 2112),
(211202, 'Cuyocuyo', 21, 2112),
(211203, 'Limbani', 21, 2112),
(211204, 'Patambuco', 21, 2112),
(211205, 'Phara', 21, 2112),
(211206, 'Quiaca', 21, 2112),
(211207, 'San Juan del Oro', 21, 2112),
(211208, 'Yanahuaya', 21, 2112),
(211209, 'Alto Inambari', 21, 2112),
(211210, 'San Pedro de Putina Punco', 21, 2112),
(211301, 'Yunguyo', 21, 2113),
(211302, 'Anapia', 21, 2113),
(211303, 'Copani', 21, 2113),
(211304, 'Cuturapi', 21, 2113),
(211305, 'Ollaraya', 21, 2113),
(211306, 'Tinicachi', 21, 2113),
(211307, 'Unicachi', 21, 2113),
(220101, 'Moyobamba', 22, 2201),
(220102, 'Calzada', 22, 2201),
(220103, 'Habana', 22, 2201),
(220104, 'Jepelacio', 22, 2201),
(220105, 'Soritor', 22, 2201),
(220106, 'Yantalo', 22, 2201),
(220201, 'Bellavista', 22, 2202),
(220202, 'Alto Biavo', 22, 2202),
(220203, 'Bajo Biavo', 22, 2202),
(220204, 'Huallaga', 22, 2202),
(220205, 'San Pablo', 22, 2202),
(220206, 'San Rafael', 22, 2202),
(220301, 'San José de Sisa', 22, 2203),
(220302, 'Agua Blanca', 22, 2203),
(220303, 'San Martín', 22, 2203),
(220304, 'Santa Rosa', 22, 2203),
(220305, 'Shatoja', 22, 2203),
(220401, 'Saposoa', 22, 2204),
(220402, 'Alto Saposoa', 22, 2204),
(220403, 'El Eslabón', 22, 2204),
(220404, 'Piscoyacu', 22, 2204),
(220405, 'Sacanche', 22, 2204),
(220406, 'Tingo de Saposoa', 22, 2204),
(220501, 'Lamas', 22, 2205),
(220502, 'Alonso de Alvarado', 22, 2205),
(220503, 'Barranquita', 22, 2205),
(220504, 'Caynarachi', 22, 2205),
(220505, 'Cuñumbuqui', 22, 2205),
(220506, 'Pinto Recodo', 22, 2205),
(220507, 'Rumisapa', 22, 2205),
(220508, 'San Roque de Cumbaza', 22, 2205),
(220509, 'Shanao', 22, 2205),
(220510, 'Tabalosos', 22, 2205),
(220511, 'Zapatero', 22, 2205),
(220601, 'Juanjuí', 22, 2206),
(220602, 'Campanilla', 22, 2206),
(220603, 'Huicungo', 22, 2206),
(220604, 'Pachiza', 22, 2206),
(220605, 'Pajarillo', 22, 2206),
(220701, 'Picota', 22, 2207),
(220702, 'Buenos Aires', 22, 2207),
(220703, 'Caspisapa', 22, 2207),
(220704, 'Pilluana', 22, 2207),
(220705, 'Pucacaca', 22, 2207),
(220706, 'San Cristóbal', 22, 2207),
(220707, 'San Hilarión', 22, 2207),
(220708, 'Shamboyacu', 22, 2207),
(220709, 'Tingo de Ponasa', 22, 2207),
(220710, 'Tres Unidos', 22, 2207),
(220801, 'Rioja', 22, 2208),
(220802, 'Awajun', 22, 2208),
(220803, 'Elías Soplin Vargas', 22, 2208),
(220804, 'Nueva Cajamarca', 22, 2208),
(220805, 'Pardo Miguel', 22, 2208),
(220806, 'Posic', 22, 2208),
(220807, 'San Fernando', 22, 2208),
(220808, 'Yorongos', 22, 2208),
(220809, 'Yuracyacu', 22, 2208),
(220901, 'Tarapoto', 22, 2209),
(220902, 'Alberto Leveau', 22, 2209),
(220903, 'Cacatachi', 22, 2209),
(220904, 'Chazuta', 22, 2209),
(220905, 'Chipurana', 22, 2209),
(220906, 'El Porvenir', 22, 2209),
(220907, 'Huimbayoc', 22, 2209),
(220908, 'Juan Guerra', 22, 2209),
(220909, 'La Banda de Shilcayo', 22, 2209),
(220910, 'Morales', 22, 2209),
(220911, 'Papaplaya', 22, 2209),
(220912, 'San Antonio', 22, 2209),
(220913, 'Sauce', 22, 2209),
(220914, 'Shapaja', 22, 2209),
(221001, 'Tocache', 22, 2210),
(221002, 'Nuevo Progreso', 22, 2210),
(221003, 'Polvora', 22, 2210),
(221004, 'Shunte', 22, 2210),
(221005, 'Uchiza', 22, 2210),
(230101, 'Tacna', 23, 2301),
(230102, 'Alto de la Alianza', 23, 2301),
(230103, 'Calana', 23, 2301),
(230104, 'Ciudad Nueva', 23, 2301),
(230105, 'Inclan', 23, 2301),
(230106, 'Pachia', 23, 2301),
(230107, 'Palca', 23, 2301),
(230108, 'Pocollay', 23, 2301),
(230109, 'Sama', 23, 2301),
(230110, 'Coronel Gregorio Albarracín Lanchipa', 23, 2301),
(230111, 'La Yarada los Palos', 23, 2301),
(230201, 'Candarave', 23, 2302),
(230202, 'Cairani', 23, 2302),
(230203, 'Camilaca', 23, 2302),
(230204, 'Curibaya', 23, 2302),
(230205, 'Huanuara', 23, 2302),
(230206, 'Quilahuani', 23, 2302),
(230301, 'Locumba', 23, 2303),
(230302, 'Ilabaya', 23, 2303),
(230303, 'Ite', 23, 2303),
(230401, 'Tarata', 23, 2304),
(230402, 'Héroes Albarracín', 23, 2304),
(230403, 'Estique', 23, 2304),
(230404, 'Estique-Pampa', 23, 2304),
(230405, 'Sitajara', 23, 2304),
(230406, 'Susapaya', 23, 2304),
(230407, 'Tarucachi', 23, 2304),
(230408, 'Ticaco', 23, 2304),
(240101, 'Tumbes', 24, 2401),
(240102, 'Corrales', 24, 2401),
(240103, 'La Cruz', 24, 2401),
(240104, 'Pampas de Hospital', 24, 2401),
(240105, 'San Jacinto', 24, 2401),
(240106, 'San Juan de la Virgen', 24, 2401),
(240201, 'Zorritos', 24, 2402),
(240202, 'Casitas', 24, 2402),
(240203, 'Canoas de Punta Sal', 24, 2402),
(240301, 'Zarumilla', 24, 2403),
(240302, 'Aguas Verdes', 24, 2403),
(240303, 'Matapalo', 24, 2403),
(240304, 'Papayal', 24, 2403),
(250101, 'Calleria', 25, 2501),
(250102, 'Campoverde', 25, 2501),
(250103, 'Iparia', 25, 2501),
(250104, 'Masisea', 25, 2501),
(250105, 'Yarinacocha', 25, 2501),
(250106, 'Nueva Requena', 25, 2501),
(250107, 'Manantay', 25, 2501),
(250201, 'Raymondi', 25, 2502),
(250202, 'Sepahua', 25, 2502),
(250203, 'Tahuania', 25, 2502),
(250204, 'Yurua', 25, 2502),
(250301, 'Padre Abad', 25, 2503),
(250302, 'Irazola', 25, 2503),
(250303, 'Curimana', 25, 2503),
(250304, 'Neshuya', 25, 2503),
(250305, 'Alexander Von Humboldt', 25, 2503),
(250401, 'Purus', 25, 2504);

-- --------------------------------------------------------

--
-- Estructura de tabla para la tabla `equipos`
--

CREATE TABLE `equipos` (
  `id` int(11) NOT NULL,
  `nombre` varchar(150) NOT NULL,
  `precio` double(10,2) DEFAULT NULL,
  `estado` varchar(50) NOT NULL
) ENGINE=InnoDB DEFAULT CHARSET=utf8;

--
-- Volcado de datos para la tabla `equipos`
--

INSERT INTO `equipos` (`id`, `nombre`, `precio`, `estado`) VALUES
(1, 'TICKETERA', 350.00, 'activo'),
(2, 'GABETA DE DINERO', 361.00, 'activo'),
(3, 'CONTOMETROS', 50.50, 'activo');

-- --------------------------------------------------------

--
-- Estructura de tabla para la tabla `estados`
--

CREATE TABLE `estados` (
  `idEstado` int(11) NOT NULL,
  `nombreEstado` varchar(50) NOT NULL,
  `estado` varchar(20) DEFAULT 'activo'
) ENGINE=InnoDB DEFAULT CHARSET=latin1;

--
-- Volcado de datos para la tabla `estados`
--

INSERT INTO `estados` (`idEstado`, `nombreEstado`, `estado`) VALUES
(1, 'Pendiente', 'activo'),
(2, 'En Proceso', 'activo'),
(3, 'Culminado', 'activo'),
(4, 'No compete', 'activo');

-- --------------------------------------------------------

--
-- Estructura de tabla para la tabla `pagos_anulados`
--

CREATE TABLE `pagos_anulados` (
  `id` int(11) NOT NULL,
  `idClienteServicio` int(11) NOT NULL,
  `fechaEmisionRecibo` date DEFAULT NULL,
  `fechaPago` date DEFAULT NULL,
  `fechaVencimiento` date DEFAULT NULL,
  `fechaPagoRealizado` datetime DEFAULT NULL,
  `fechaRegistro` datetime DEFAULT NULL,
  `detallePago` text,
  `tipoPago` varchar(255) DEFAULT NULL,
  `banco` varchar(30) DEFAULT NULL,
  `nroOperacion` varchar(13) DEFAULT NULL,
  `nroDocumentoPaga` varchar(13) DEFAULT NULL,
  `clientePaga` varchar(50) DEFAULT NULL,
  `direccionPaga` varchar(250) DEFAULT NULL,
  `serieComprobante` varchar(50) DEFAULT NULL,
  `numeroComprobante` varchar(255) DEFAULT NULL,
  `tipoComprobante` varchar(255) DEFAULT NULL,
  `precioSinIGV` decimal(10,2) DEFAULT NULL,
  `montoIGV` decimal(10,2) DEFAULT NULL,
  `exento` decimal(10,2) DEFAULT '0.00',
  `retenido` decimal(10,2) DEFAULT '0.00',
  `totalPagar` decimal(10,2) DEFAULT NULL,
  `totalLetras` varchar(255) DEFAULT NULL,
  `pagoEfectivo` decimal(10,2) DEFAULT NULL,
  `pago_tarjeta` decimal(10,2) DEFAULT NULL,
  `cambioVuelto` decimal(10,2) DEFAULT NULL,
  `idUsuario` int(11) NOT NULL,
  `idCajero` int(11) DEFAULT NULL,
  `idSucursal` int(11) DEFAULT NULL,
  `precioServicio` decimal(10,2) DEFAULT NULL,
  `mora` decimal(10,2) DEFAULT '0.00',
  `recorte` decimal(10,2) DEFAULT '0.00',
  `idafectacionigv` int(11) DEFAULT NULL,
  `motivoAnulacion` varchar(255) DEFAULT NULL,
  `estadoPension` varchar(50) DEFAULT 'anulado',
  `fechaAnulacion` datetime DEFAULT NULL
) ENGINE=InnoDB DEFAULT CHARSET=latin1;

--
-- Volcado de datos para la tabla `pagos_anulados`
--

INSERT INTO `pagos_anulados` (`id`, `idClienteServicio`, `fechaEmisionRecibo`, `fechaPago`, `fechaVencimiento`, `fechaPagoRealizado`, `fechaRegistro`, `detallePago`, `tipoPago`, `banco`, `nroOperacion`, `nroDocumentoPaga`, `clientePaga`, `direccionPaga`, `serieComprobante`, `numeroComprobante`, `tipoComprobante`, `precioSinIGV`, `montoIGV`, `exento`, `retenido`, `totalPagar`, `totalLetras`, `pagoEfectivo`, `pago_tarjeta`, `cambioVuelto`, `idUsuario`, `idCajero`, `idSucursal`, `precioServicio`, `mora`, `recorte`, `idafectacionigv`, `motivoAnulacion`, `estadoPension`, `fechaAnulacion`) VALUES
(1, 3, '2022-06-20', '2022-06-22', '2022-06-25', '2022-07-25 05:22:33', '2022-07-20 10:53:33', 'Servicio de: POS + FACTURACIÓN', 'efectivo', '', '', '43580508', 'TATIANA VANESA MELGAR OJEDA', 'LIMA - LIMA', 'TTK1', '84', 'TICKET', '75.00', '0.00', '0.00', '0.00', '75.00', 'Setenta y cinco 00/100 SOLES', '80.00', '0.00', '5.00', 93, 1, 5, '75.00', '0.00', '0.00', 9, 'Esto es una pequeña prueba para poder seguir adelante', 'anulado', '2022-07-25 05:24:03'),
(2, 3, '2022-06-20', '2022-06-22', '2022-06-25', '2022-07-26 11:05:41', '2022-07-20 10:53:33', 'Servicio de: POS + FACTURACIÓN', 'deposito', 'BCP', '', '43580508', 'TATIANA VANESA MELGAR OJEDA', 'Lima', 'TTK1', '85', 'TICKET', '75.00', '0.00', '0.00', '0.00', '75.00', 'Setenta y cinco 00/100 SOLES', '0.00', '80.00', '5.00', 93, 2, 5, '75.00', '0.00', '0.00', 9, 'demos', 'anulado', '2022-07-26 11:06:21'),
(3, 3, '2022-06-20', '2022-06-22', '2022-06-25', '2022-07-26 11:07:24', '2022-07-20 10:53:33', 'Servicio de: POS + FACTURACIÓN + mora + reconexion', 'efectivo', '', '', '43580508', 'TATIANA VANESA MELGAR OJEDA', 'Lima', 'TTK1', '87', 'TICKET', '125.00', '0.00', '0.00', '0.00', '125.00', 'Ciento veinticinco 00/100 SOLES', '130.00', '0.00', '5.00', 93, 2, 5, '75.00', '30.00', '20.00', 9, 'otra demo', 'anulado', '2022-07-26 11:07:53'),
(4, 2, '2022-01-20', '2022-01-22', '2022-01-25', '2022-08-01 10:01:52', '2022-08-01 09:59:01', 'Servicio de: SISTEMA FACTURACION + mora', 'efectivo', '', '', '46644672', 'YITMAN FRANKLIN CANO VARGAS', 'Lima', 'TTK1', '95', 'TICKET', '84.75', '15.25', '0.00', '0.00', '100.00', 'Ciento 00/100 SOLES', '100.00', '0.00', '0.00', 93, 4, 5, '70.00', '30.00', '0.00', 1, 'Pruebas', 'anulado', '2022-08-01 12:06:37'),
(5, 1, '2022-04-20', '2022-04-22', '2022-04-25', '2022-08-01 09:59:45', '2022-08-01 09:58:46', 'Servicio de: POS + FACTURACIÓN', 'efectivo', '', '', '44485085', 'MAYRA LUISA BACA ALEJOS', 'Lima', 'TTK1', '94', 'TICKET', '63.56', '11.44', '0.00', '0.00', '75.00', 'Setenta y cinco 00/100 SOLES', '80.00', '0.00', '5.00', 93, 4, 5, '75.00', '0.00', '0.00', 1, 'Pruebas 2', 'anulado', '2022-08-01 12:06:43');

-- --------------------------------------------------------

--
-- Estructura de tabla para la tabla `pautas`
--

CREATE TABLE `pautas` (
  `id` int(11) NOT NULL,
  `nombre` varchar(255) NOT NULL,
  `link` varchar(255) NOT NULL,
  `f_inicio` date NOT NULL,
  `f_fin` date NOT NULL,
  `estado` varchar(50) NOT NULL DEFAULT 'activo',
  `id_registra` varchar(11) NOT NULL
) ENGINE=InnoDB DEFAULT CHARSET=latin1;

--
-- Volcado de datos para la tabla `pautas`
--

INSERT INTO `pautas` (`id`, `nombre`, `link`, `f_inicio`, `f_fin`, `estado`, `id_registra`) VALUES
(1, 'MINI IMPRESORA MÁS FACTURACIÓN 2', 'https://www.facebook.com/SigefacPE/photos/a.105188077896732/587821116300090/', '2022-07-09', '2022-08-09', 'activo', '93'),
(2, 'MINI IMPRESORA MÁS FACTURACIÓN', 'Esto es un link de prueba', '2022-09-10', '2022-10-10', 'activo', '93'),
(3, 'BTNINHABILITAR', 'btnInhabilitar', '2022-08-10', '2022-08-10', 'activo', '93');

-- --------------------------------------------------------

--
-- Estructura de tabla para la tabla `permisos`
--

CREATE TABLE `permisos` (
  `idPermiso` int(255) NOT NULL,
  `nombrePermiso` varchar(255) NOT NULL,
  `codPermiso` varchar(255) NOT NULL
) ENGINE=InnoDB DEFAULT CHARSET=latin1;

--
-- Volcado de datos para la tabla `permisos`
--

INSERT INTO `permisos` (`idPermiso`, `nombrePermiso`, `codPermiso`) VALUES
(1, 'DASHBOARD SOPORTE', 'DS'),
(2, 'DASHBOARD COBRANZA', 'DC'),
(3, 'DASHBOARD COMUNITY', 'DCy'),
(4, 'CLIENTE', 'CL'),
(5, 'PROVEEDORES SERVICIOS', 'PS'),
(6, 'CATEGORIA SERVICIOS', 'CS'),
(7, 'SERVICIOS', 'SE'),
(8, 'ESTADO PROCESOS', 'EP'),
(9, 'PROCESOS', 'PR'),
(10, 'ADMINISTRAR CAJA', 'AC'),
(11, 'HISTORIAL CAJA', 'HC'),
(12, 'CONTRATOS', 'CO'),
(13, 'PENSIONES', 'PEN'),
(14, 'CLIENTES - SERVICIOS', 'CSE'),
(15, 'TIPO COMPROBANTES', 'TC'),
(16, 'SERIES COMPROBANTES', 'SC'),
(17, 'USUARIOS', 'US'),
(18, 'CARGOS', 'CA'),
(19, 'PERMISOS', 'PER'),
(20, 'DATOS EMPRESA', 'DE'),
(21, 'SUCURSALES', 'SU'),
(22, 'TICKET SOPORTE', 'TS'),
(23, 'SUSPENDER SERVICIOS', 'SS'),
(24, 'DAR BAJA SERVICIOS', 'DBS'),
(25, 'SOLICITUD INFORMACION', 'SI'),
(26, 'CONTROL DE SOLICITUD', 'CDS'),
(27, 'SOPORTE INSTALACIONES', 'SOI'),
(28, 'ALTA DE SISTEMAS', 'AS'),
(29, 'AGENDAR INSTALACIONES', 'AGI'),
(30, 'REPORTES', 'REP');

-- --------------------------------------------------------

--
-- Estructura de tabla para la tabla `procesos`
--

CREATE TABLE `procesos` (
  `idProceso` int(11) NOT NULL,
  `nombreProceso` varchar(50) NOT NULL,
  `estado` varchar(50) NOT NULL DEFAULT 'activo'
) ENGINE=InnoDB DEFAULT CHARSET=latin1;

--
-- Volcado de datos para la tabla `procesos`
--

INSERT INTO `procesos` (`idProceso`, `nombreProceso`, `estado`) VALUES
(1, 'MODIFICACION', 'activo'),
(2, 'INSTALACION', 'activo'),
(3, 'IMPLEMENTACION', 'activo'),
(4, 'NO COMPETE', 'activo'),
(5, 'ACTUALIZACION', 'activo');

-- --------------------------------------------------------

--
-- Estructura de tabla para la tabla `provincias`
--

CREATE TABLE `provincias` (
  `idProvincia` int(11) NOT NULL,
  `nombreProvincia` varchar(50) NOT NULL,
  `idDepartamento` int(11) NOT NULL
) ENGINE=InnoDB DEFAULT CHARSET=latin1;

--
-- Volcado de datos para la tabla `provincias`
--

INSERT INTO `provincias` (`idProvincia`, `nombreProvincia`, `idDepartamento`) VALUES
(101, 'Chachapoyas', 1),
(102, 'Bagua', 1),
(103, 'Bongará', 1),
(104, 'Condorcanqui', 1),
(105, 'Luya', 1),
(106, 'Rodríguez de Mendoza', 1),
(107, 'Utcubamba', 1),
(201, 'Huaraz', 2),
(202, 'Aija', 2),
(203, 'Antonio Raymondi', 2),
(204, 'Asunción', 2),
(205, 'Bolognesi', 2),
(206, 'Carhuaz', 2),
(207, 'Carlos Fermín Fitzcarrald', 2),
(208, 'Casma', 2),
(209, 'Corongo', 2),
(210, 'Huari', 2),
(211, 'Huarmey', 2),
(212, 'Huaylas', 2),
(213, 'Mariscal Luzuriaga', 2),
(214, 'Ocros', 2),
(215, 'Pallasca', 2),
(216, 'Pomabamba', 2),
(217, 'Recuay', 2),
(218, 'Santa', 2),
(219, 'Sihuas', 2),
(220, 'Yungay', 2),
(301, 'Abancay', 3),
(302, 'Andahuaylas', 3),
(303, 'Antabamba', 3),
(304, 'Aymaraes', 3),
(305, 'Cotabambas', 3),
(306, 'Chincheros', 3),
(307, 'Grau', 3),
(401, 'Arequipa', 4),
(402, 'Camaná', 4),
(403, 'Caravelí', 4),
(404, 'Castilla', 4),
(405, 'Caylloma', 4),
(406, 'Condesuyos', 4),
(407, 'Islay', 4),
(408, 'La Uniòn', 4),
(501, 'Huamanga', 5),
(502, 'Cangallo', 5),
(503, 'Huanca Sancos', 5),
(504, 'Huanta', 5),
(505, 'La Mar', 5),
(506, 'Lucanas', 5),
(507, 'Parinacochas', 5),
(508, 'Pàucar del Sara Sara', 5),
(509, 'Sucre', 5),
(510, 'Víctor Fajardo', 5),
(511, 'Vilcas Huamán', 5),
(601, 'Cajamarca', 6),
(602, 'Cajabamba', 6),
(603, 'Celendín', 6),
(604, 'Chota', 6),
(605, 'Contumazá', 6),
(606, 'Cutervo', 6),
(607, 'Hualgayoc', 6),
(608, 'Jaén', 6),
(609, 'San Ignacio', 6),
(610, 'San Marcos', 6),
(611, 'San Miguel', 6),
(612, 'San Pablo', 6),
(613, 'Santa Cruz', 6),
(701, 'Prov. Const. del Callao', 7),
(801, 'Cusco', 8),
(802, 'Acomayo', 8),
(803, 'Anta', 8),
(804, 'Calca', 8),
(805, 'Canas', 8),
(806, 'Canchis', 8),
(807, 'Chumbivilcas', 8),
(808, 'Espinar', 8),
(809, 'La Convención', 8),
(810, 'Paruro', 8),
(811, 'Paucartambo', 8),
(812, 'Quispicanchi', 8),
(813, 'Urubamba', 8),
(901, 'Huancavelica', 9),
(902, 'Acobamba', 9),
(903, 'Angaraes', 9),
(904, 'Castrovirreyna', 9),
(905, 'Churcampa', 9),
(906, 'Huaytará', 9),
(907, 'Tayacaja', 9),
(1001, 'Huánuco', 10),
(1002, 'Ambo', 10),
(1003, 'Dos de Mayo', 10),
(1004, 'Huacaybamba', 10),
(1005, 'Huamalíes', 10),
(1006, 'Leoncio Prado', 10),
(1007, 'Marañón', 10),
(1008, 'Pachitea', 10),
(1009, 'Puerto Inca', 10),
(1010, 'Lauricocha ', 10),
(1011, 'Yarowilca ', 10),
(1101, 'Ica ', 11),
(1102, 'Chincha ', 11),
(1103, 'Nasca ', 11),
(1104, 'Palpa ', 11),
(1105, 'Pisco ', 11),
(1201, 'Huancayo ', 12),
(1202, 'Concepción ', 12),
(1203, 'Chanchamayo ', 12),
(1204, 'Jauja ', 12),
(1205, 'Junín ', 12),
(1206, 'Satipo ', 12),
(1207, 'Tarma ', 12),
(1208, 'Yauli ', 12),
(1209, 'Chupaca ', 12),
(1301, 'Trujillo ', 13),
(1302, 'Ascope ', 13),
(1303, 'Bolívar ', 13),
(1304, 'Chepén ', 13),
(1305, 'Julcán ', 13),
(1306, 'Otuzco ', 13),
(1307, 'Pacasmayo ', 13),
(1308, 'Pataz ', 13),
(1309, 'Sánchez Carrión ', 13),
(1310, 'Santiago de Chuco ', 13),
(1311, 'Gran Chimú ', 13),
(1312, 'Virú ', 13),
(1401, 'Chiclayo ', 14),
(1402, 'Ferreñafe ', 14),
(1403, 'Lambayeque ', 14),
(1501, 'Lima ', 15),
(1502, 'Barranca ', 15),
(1503, 'Cajatambo ', 15),
(1504, 'Canta ', 15),
(1505, 'Cañete ', 15),
(1506, 'Huaral ', 15),
(1507, 'Huarochirí ', 15),
(1508, 'Huaura ', 15),
(1509, 'Oyón ', 15),
(1510, 'Yauyos ', 15),
(1601, 'Maynas ', 16),
(1602, 'Alto Amazonas ', 16),
(1603, 'Loreto ', 16),
(1604, 'Mariscal Ramón Castilla ', 16),
(1605, 'Requena ', 16),
(1606, 'Ucayali ', 16),
(1607, 'Datem del Marañón ', 16),
(1608, 'Putumayo', 16),
(1701, 'Tambopata ', 17),
(1702, 'Manu ', 17),
(1703, 'Tahuamanu ', 17),
(1801, 'Mariscal Nieto ', 18),
(1802, 'General Sánchez Cerro ', 18),
(1803, 'Ilo ', 18),
(1901, 'Pasco ', 19),
(1902, 'Daniel Alcides Carrión ', 19),
(1903, 'Oxapampa ', 19),
(2001, 'Piura ', 20),
(2002, 'Ayabaca ', 20),
(2003, 'Huancabamba ', 20),
(2004, 'Morropón ', 20),
(2005, 'Paita ', 20),
(2006, 'Sullana ', 20),
(2007, 'Talara ', 20),
(2008, 'Sechura ', 20),
(2101, 'Puno ', 21),
(2102, 'Azángaro ', 21),
(2103, 'Carabaya ', 21),
(2104, 'Chucuito ', 21),
(2105, 'El Collao ', 21),
(2106, 'Huancané ', 21),
(2107, 'Lampa ', 21),
(2108, 'Melgar ', 21),
(2109, 'Moho ', 21),
(2110, 'San Antonio de Putina ', 21),
(2111, 'San Román ', 21),
(2112, 'Sandia ', 21),
(2113, 'Yunguyo ', 21),
(2201, 'Moyobamba ', 22),
(2202, 'Bellavista ', 22),
(2203, 'El Dorado ', 22),
(2204, 'Huallaga ', 22),
(2205, 'Lamas ', 22),
(2206, 'Mariscal Cáceres ', 22),
(2207, 'Picota ', 22),
(2208, 'Rioja ', 22),
(2209, 'San Martín ', 22),
(2210, 'Tocache ', 22),
(2301, 'Tacna ', 23),
(2302, 'Candarave ', 23),
(2303, 'Jorge Basadre ', 23),
(2304, 'Tarata ', 23),
(2401, 'Tumbes ', 24),
(2402, 'Contralmirante Villar ', 24),
(2403, 'Zarumilla ', 24),
(2501, 'Coronel Portillo ', 25),
(2502, 'Atalaya ', 25),
(2503, 'Padre Abad ', 25),
(2504, 'Purús', 25);

-- --------------------------------------------------------

--
-- Estructura de tabla para la tabla `roles`
--

CREATE TABLE `roles` (
  `idRol` int(255) NOT NULL,
  `nombre` varchar(100) NOT NULL,
  `codRol` varchar(50) NOT NULL,
  `sueldo` decimal(10,2) NOT NULL,
  `estado` varchar(50) NOT NULL DEFAULT 'activo'
) ENGINE=InnoDB DEFAULT CHARSET=latin1;

--
-- Volcado de datos para la tabla `roles`
--

INSERT INTO `roles` (`idRol`, `nombre`, `codRol`, `sueldo`, `estado`) VALUES
(1, 'ADMINISTRADOR GENERAL', 'AG', '1250.50', 'activo'),
(2, 'CAJERO', 'CA', '874.59', 'activo'),
(3, 'SOPORTE', 'SO', '150.00', 'activo'),
(4, 'ADMINISTRADOR COBRANZA', 'AC', '1470.58', 'activo'),
(5, 'ADMINISTRADOR SOPORTE', 'AS', '900.54', 'activo'),
(6, 'VENDEDOR', 'VEN', '125.96', 'activo'),
(7, 'ADMINISTRADOR COMUNITY', 'ACO', '1500.00', 'activo');

-- --------------------------------------------------------

--
-- Estructura de tabla para la tabla `servicios`
--

CREATE TABLE `servicios` (
  `idServicio` int(11) NOT NULL,
  `codInterno` varchar(255) NOT NULL,
  `nombreServicio` varchar(255) NOT NULL,
  `precio` decimal(10,2) NOT NULL,
  `idServProveedores` int(11) DEFAULT NULL,
  `idServCategoria` int(11) NOT NULL,
  `idUnidadMedida` int(11) NOT NULL DEFAULT '2',
  `estado` varchar(25) NOT NULL DEFAULT 'activo'
) ENGINE=InnoDB DEFAULT CHARSET=latin1;

--
-- Volcado de datos para la tabla `servicios`
--

INSERT INTO `servicios` (`idServicio`, `codInterno`, `nombreServicio`, `precio`, `idServProveedores`, `idServCategoria`, `idUnidadMedida`, `estado`) VALUES
(1, 'SISTPOSFAC01', 'POS + FACTURACIÓN', '75.00', 1, 1, 2, 'activo'),
(2, 'SISTFAC001', 'SISTEMA FACTURACION', '70.00', 1, 1, 2, 'activo'),
(3, 'RESTSIGEFAC01', 'SERVICIO RESTOBAR', '80.00', 1, 1, 2, 'activo'),
(4, 'JHG', 'P FB 1', '545.00', 1, 1, 2, 'inhabilitado');

-- --------------------------------------------------------

--
-- Estructura de tabla para la tabla `serv_categorias`
--

CREATE TABLE `serv_categorias` (
  `idServCategoria` int(255) NOT NULL,
  `nombreCategoria` varchar(255) NOT NULL,
  `estado` varchar(255) NOT NULL DEFAULT 'activo'
) ENGINE=InnoDB DEFAULT CHARSET=latin1;

--
-- Volcado de datos para la tabla `serv_categorias`
--

INSERT INTO `serv_categorias` (`idServCategoria`, `nombreCategoria`, `estado`) VALUES
(1, 'SERVICIOS', 'activo');

-- --------------------------------------------------------

--
-- Estructura de tabla para la tabla `serv_proveedores`
--

CREATE TABLE `serv_proveedores` (
  `idServProveedores` int(11) NOT NULL,
  `codProveedor` varchar(255) NOT NULL,
  `nombreProveedor` varchar(255) NOT NULL,
  `celProv` varchar(13) DEFAULT NULL,
  `telfProveedor` varchar(13) NOT NULL,
  `emailProveedor` varchar(100) DEFAULT NULL,
  `direccionProveedor` varchar(150) DEFAULT NULL,
  `idTipoDocumento` int(11) NOT NULL,
  `nroDocumento` varchar(11) NOT NULL,
  `nombreContacto` varchar(255) NOT NULL,
  `telfContacto` varchar(13) NOT NULL,
  `emailContacto` varchar(100) DEFAULT NULL,
  `estado` varchar(50) NOT NULL DEFAULT 'activo'
) ENGINE=InnoDB DEFAULT CHARSET=latin1;

--
-- Volcado de datos para la tabla `serv_proveedores`
--

INSERT INTO `serv_proveedores` (`idServProveedores`, `codProveedor`, `nombreProveedor`, `celProv`, `telfProveedor`, `emailProveedor`, `direccionProveedor`, `idTipoDocumento`, `nroDocumento`, `nombreContacto`, `telfContacto`, `emailContacto`, `estado`) VALUES
(1, 'PROV8199JES', 'JESUS EMMANUEL MOSCOSO OLMOS', '999666555', '', '', 'AV LAS PRUEBAS 147', 2, '73058199', 'ROBERTO LLANOS', '987456321', '', 'activo');

-- --------------------------------------------------------

--
-- Estructura de tabla para la tabla `sistemas`
--

CREATE TABLE `sistemas` (
  `id` int(255) NOT NULL,
  `nombre` varchar(150) NOT NULL,
  `precio` decimal(10,2) NOT NULL,
  `estado` varchar(50) NOT NULL DEFAULT 'activo'
) ENGINE=InnoDB DEFAULT CHARSET=latin1;

--
-- Volcado de datos para la tabla `sistemas`
--

INSERT INTO `sistemas` (`id`, `nombre`, `precio`, `estado`) VALUES
(1, 'RESTOBAR', '75.00', 'activo'),
(2, 'FACTURACION', '70.00', 'activo'),
(3, 'IMPRESORA CODIGO DE BARRA', '450.00', 'activo');

-- --------------------------------------------------------

--
-- Estructura de tabla para la tabla `solicitudesinformacion`
--

CREATE TABLE `solicitudesinformacion` (
  `idSolicitud` int(11) NOT NULL,
  `cliente` varchar(100) NOT NULL,
  `celular` varchar(20) NOT NULL,
  `facebook` varchar(150) NOT NULL,
  `rubro` varchar(50) NOT NULL,
  `tipoInformacion` varchar(50) DEFAULT NULL,
  `canal` varchar(50) NOT NULL,
  `medioEnvioInfo` varchar(50) DEFAULT NULL,
  `correoEnvio` varchar(50) DEFAULT NULL,
  `pauta` varchar(11) NOT NULL,
  `mensaje_pauta` text,
  `fechaDemo` date DEFAULT NULL,
  `horaDemo` time DEFAULT NULL,
  `motivoReprogramar` text,
  `tipoDemo` varchar(50) DEFAULT NULL,
  `fechaRegistro` date NOT NULL,
  `horaRegistro` time NOT NULL,
  `fechaLlamada` date DEFAULT NULL,
  `horaLlamada` time DEFAULT NULL,
  `fechaAgendaDemo` date DEFAULT NULL,
  `horaAgendaDemo` time DEFAULT NULL,
  `estadoDemo` varchar(50) DEFAULT NULL,
  `motivoDemo` text,
  `estadoVenta` varchar(50) DEFAULT NULL,
  `productoVenta` varchar(50) DEFAULT NULL,
  `observacionEnvioInfo` text,
  `observacionAgendarDemo` text,
  `estadoSolic` varchar(50) NOT NULL DEFAULT 'llamadaPendiente',
  `idUsuarioRegistra` int(11) NOT NULL,
  `idUsuarioLlama` int(11) DEFAULT NULL,
  `idUsuarioAgendaDemo` int(11) DEFAULT NULL
) ENGINE=InnoDB DEFAULT CHARSET=utf8;

--
-- Volcado de datos para la tabla `solicitudesinformacion`
--

INSERT INTO `solicitudesinformacion` (`idSolicitud`, `cliente`, `celular`, `facebook`, `rubro`, `tipoInformacion`, `canal`, `medioEnvioInfo`, `correoEnvio`, `pauta`, `mensaje_pauta`, `fechaDemo`, `horaDemo`, `motivoReprogramar`, `tipoDemo`, `fechaRegistro`, `horaRegistro`, `fechaLlamada`, `horaLlamada`, `fechaAgendaDemo`, `horaAgendaDemo`, `estadoDemo`, `motivoDemo`, `estadoVenta`, `productoVenta`, `observacionEnvioInfo`, `observacionAgendarDemo`, `estadoSolic`, `idUsuarioRegistra`, `idUsuarioLlama`, `idUsuarioAgendaDemo`) VALUES
(1, 'PRUEBA 1', '963258741', '', '', 'noEspecifica', 'facebook', NULL, NULL, '', 'REALIZAR LLAMADA -> PRUEBA 1', NULL, NULL, NULL, NULL, '2022-08-15', '10:51:23', '2022-08-15', '10:53:06', NULL, NULL, NULL, NULL, NULL, NULL, 'rechazar -> realizar llamada -> prueba 1', NULL, 'solicRechazada', 93, 93, NULL),
(2, 'PRUEBA 2', '987456325', '', 'ROPA', 'sist', 'instagram', 'wsp', '', '0', 'REALIZAR LLAMADA -> PRUEBA 2', NULL, NULL, NULL, NULL, '2022-08-15', '10:51:31', '2022-08-15', '10:53:54', NULL, NULL, NULL, NULL, NULL, NULL, 'realizar llamada -> prueba 2', 'rechazar agendar demo -> prueba 1', 'agendaDemoRechazada', 93, 93, 93),
(3, 'PRUEBA 3', '963258741', '', 'FERRETERIA', 'gen', 'instagram', 'wsp', '', '0', 'REALIZAR LLAMADA -> PRUEBA 3', NULL, NULL, NULL, NULL, '2022-08-15', '10:51:37', '2022-08-15', '10:54:05', NULL, NULL, NULL, NULL, NULL, NULL, 'realizar llamada -> prueba 3', 'rechazar agendar demo -> prueba 3', 'agendaDemoRechazada', 93, 93, 93),
(4, 'PRUEBA 4', '963258741', '', 'BOTICA', 'sist', 'instagram', 'wsp', '', '0', 'REALIZAR LLAMADA -> PRUEBA 4', NULL, NULL, NULL, NULL, '2022-08-15', '10:51:52', '2022-08-15', '10:54:19', NULL, NULL, NULL, NULL, NULL, NULL, 'realizar llamada -> prueba 4', 'rechazar agendar demo -> prueba 4', 'agendaDemoRechazada', 93, 93, 93),
(5, 'PRUEBA 5', '963258741', '', 'MARKET', 'equi', 'facebook', 'email', 'jesus.hy.96@gmail.com', '0', 'REALIZAR LLAMADA -> PRUEBA 5', NULL, NULL, NULL, NULL, '2022-08-15', '10:52:02', '2022-08-15', '10:54:35', NULL, NULL, NULL, NULL, NULL, NULL, 'realizar llamada -> prueba 5', 'rechazar agendar demo -> prueba 5', 'agendaDemoRechazada', 93, 93, 93),
(6, 'PRUEBA 6', '987456325', '', 'PIZZERIA', 'sist', 'instagram', 'wsp', '', '0', 'REALIZAR LLAMADA -> PRUEBA 6', '2022-08-15', '11:04:00', NULL, 'remoto', '2022-08-15', '10:52:12', '2022-08-15', '10:54:49', '2022-08-15', '11:08:53', 'demoRealizarCancelada', 'cancelar demo programada -> prueba 6', NULL, NULL, 'realizar llamada -> prueba 6', 'agendar demo -> prueba 6', 'demoRealizarCancelada', 93, 93, 93),
(7, 'PRUEBA 7', '963258741', '', 'FERRETERIA', 'equi', 'instagram', 'wsp', '', '0', 'REALIZAR LLAMADA -> PRUEBA 7', '2022-08-16', '11:07:00', NULL, 'remoto', '2022-08-15', '11:06:06', '2022-08-15', '11:06:49', '2022-08-15', '11:08:50', 'demoRealizarCancelada', 'cancelar demo programada -> prueba 7', NULL, NULL, 'realizar llamada -> prueba 7', 'agendar demo -> prueba 7', 'demoRealizarCancelada', 93, 93, 93),
(8, 'PRUEBA 8', '963258741', '', 'FERRETERIA', 'sist', 'instagram', 'wsp', '', '0', 'REALIZAR LLAMADA -> PRUEBA 8', '2022-08-16', '11:07:00', NULL, 'remoto', '2022-08-15', '11:06:24', '2022-08-15', '11:07:12', '2022-08-15', '11:08:00', 'demoRealizarCancelada', 'cancelar demo programada -> prueba 8', NULL, NULL, 'REALIZAR LLAMADA -> PRUEBA 8', 'agendar demo -> prueba 8', 'demoRealizarCancelada', 93, 93, 93),
(9, 'PRUEBA 9', '963258741', '', 'ECOMMERCE', 'equi', 'whatsapp', 'wsp', '', '0', 'REALIZAR LLAMADA -> PRUEBA 9', '2022-08-31', '08:00:00', 'Reprogramar demostracion', 'remoto', '2022-08-15', '11:06:32', '2022-08-15', '11:07:26', '2022-08-15', '11:08:10', 'demoRealizada', NULL, NULL, NULL, 'REALIZAR LLAMADA -> PRUEBA 9', 'agendar demo -> prueba 9', 'cierreVentaPendiente', 93, 93, 93),
(10, 'PRUEBA 10', '963258741', '', 'POLLERIA', 'sist', 'instagram', 'wsp', '', '0', 'REALIZAR LLAMADA -> PRUEBA 10', '2022-08-15', '08:00:00', NULL, 'remoto', '2022-08-15', '15:02:57', '2022-08-15', '15:03:22', '2022-08-15', '15:08:15', 'demoRealizada', NULL, NULL, NULL, 'REALIZAR LLAMADA -> PRUEBA 10', 'agendar demo -> prueba 10', 'cierreVentaPendiente', 93, 93, 93);

-- --------------------------------------------------------

--
-- Estructura de tabla para la tabla `sucursales`
--

CREATE TABLE `sucursales` (
  `idSucursal` int(255) NOT NULL,
  `codigoSucursal` varchar(255) NOT NULL,
  `nombre` varchar(255) NOT NULL,
  `direccion` varchar(255) NOT NULL,
  `codigoFiscal` varchar(255) NOT NULL,
  `estado` varchar(255) NOT NULL DEFAULT 'activo',
  `idDatosEmpresa` int(11) NOT NULL
) ENGINE=InnoDB DEFAULT CHARSET=latin1;

--
-- Volcado de datos para la tabla `sucursales`
--

INSERT INTO `sucursales` (`idSucursal`, `codigoSucursal`, `nombre`, `direccion`, `codigoFiscal`, `estado`, `idDatosEmpresa`) VALUES
(5, 'SC00000001', 'TIENDA PRINCIPAL', 'MZA. E LOTE. 14 GRUPO 13 SECTOR 2 (ENTRE AV. VELAZCO ASTETE CON AV. REVOLUCIÓN) - VILLA EL SALVADOR', '0009', 'activo', 1);

-- --------------------------------------------------------

--
-- Estructura de tabla para la tabla `tickets_soporte`
--

CREATE TABLE `tickets_soporte` (
  `idTicket` int(11) NOT NULL,
  `numero` int(11) DEFAULT NULL,
  `fechaRegistro` date NOT NULL,
  `descripcion` text NOT NULL,
  `idResponsable` int(11) DEFAULT NULL,
  `idProceso` int(11) NOT NULL,
  `horaRegistro` time NOT NULL,
  `imagenUrl` varchar(255) DEFAULT NULL,
  `comentario` text,
  `motivoNoCompete` text NOT NULL,
  `nombreSolicita` varchar(50) DEFAULT NULL,
  `numSolicita` int(13) DEFAULT NULL,
  `idUsuarioRegistra` int(11) NOT NULL,
  `idCliente` int(11) NOT NULL,
  `fechaInicio` date DEFAULT NULL,
  `horaInicio` time DEFAULT NULL,
  `fechaCulminacion` date DEFAULT NULL,
  `horaCulminacion` time DEFAULT NULL,
  `msjFinalizado` text,
  `idUsuarioRealiza` int(11) DEFAULT NULL,
  `idClienteServicio` int(11) DEFAULT NULL,
  `idEstado` int(11) NOT NULL
) ENGINE=InnoDB DEFAULT CHARSET=latin1;

--
-- Volcado de datos para la tabla `tickets_soporte`
--

INSERT INTO `tickets_soporte` (`idTicket`, `numero`, `fechaRegistro`, `descripcion`, `idResponsable`, `idProceso`, `horaRegistro`, `imagenUrl`, `comentario`, `motivoNoCompete`, `nombreSolicita`, `numSolicita`, `idUsuarioRegistra`, `idCliente`, `fechaInicio`, `horaInicio`, `fechaCulminacion`, `horaCulminacion`, `msjFinalizado`, `idUsuarioRealiza`, `idClienteServicio`, `idEstado`) VALUES
(1, 1, '2022-06-28', 'Modificar el pos:\r\nEl texto a cambiarse en DEVOLUCIONES es:\r\n \"Todo cambio de producto tiene un plazo de 24 hrs posterior a la compra y se efectuará mediante nota de crédito presentando el comprobante de pago. No se realizan devoluciones de dinero. \"\r\n3. Si se podria agregar nuestras ctas bancarias por favor que muchos clientes nos solicitan. \r\n\r\n\"Podrán depositar a nuestras cuentas bancarias a nombre de:\r\nMilagros E. Pillaca Quispe\r\nBCP: 193-38691654-0-77\r\nBBVA:  0011 0048 0200213124\r\nYape: 934 672 685\r\n¡Gracias por su preferencia! ¡Bendiciones!\"', 93, 1, '09:43:28', '', '', '', 'Milagros', 983432554, 93, 143, '2022-06-28', '09:44:14', '2022-06-28', '11:03:14', 'Se agrego enunciado en el sistema POS -\r\nticket  y FACTURADOR ', 93, NULL, 3),
(2, 2, '2022-06-28', 'Dejar stock en 0 ', 93, 1, '12:31:00', '', '', '', 'Mayra', 997762851, 93, 82, '2022-06-28', '12:31:47', '2022-06-28', '12:45:42', 'Se modifico en la base de datos BUENAVENTURA POS la tabla SCTOK a 0 y el mes de inventario 06-2022 también se modifico a 0', 93, NULL, 3),
(3, 3, '2022-06-28', 'No puedo ingresar al sistema de facturación', 93, 4, '14:46:08', '', '', 'No puedo ingresar al sistema de facturación', 'Karen', 939265438, 93, 113, NULL, NULL, NULL, NULL, NULL, 93, NULL, 4),
(4, 4, '2022-06-28', 'Agregar gmail  www.tecnillavesperu.com en  titeck , boletas y factura ', 93, 1, '15:15:07', '', '', '', 'Juan carlos ', 961834245, 93, 23, '2022-06-28', '15:15:26', '2022-06-28', '15:24:11', 'Se modifico en los tickets\r\nPOS -ticket\r\nFACTURADOR-html', 93, NULL, 3),
(6, 5, '2022-06-28', 'Pasar boletas pendientes ', 93, 1, '15:49:43', '', '', '', 'Alfredo', 974625779, 93, 95, '2022-06-28', '15:54:39', '2022-06-28', '16:04:19', 'PASARON 4 PENDIENTES ', 93, NULL, 3),
(7, 6, '2022-06-28', 'PASAR PENDIENTES\r\n1	2022-06-26	F001-00000274	Pendiente\r\n2	2022-06-25	F001-00000272	Pendiente\r\n3	2022-06-24	F001-00000271	Pendiente\r\n4	2022-06-24	F001-00000270	Pendiente\r\n5	2022-06-21	F001-00000267	Pendiente\r\n6	2022-06-18	F001-00000264	Pendiente', 93, 1, '17:11:10', '', '', '', 'Cristina ', 948948426, 93, 107, '2022-06-28', '17:11:45', '2022-06-28', '17:42:39', 'PASARON TODAS SUS PENDIENTES CON LA FECHA 26-06', 93, NULL, 3),
(8, 7, '2022-06-30', 'Buscador no reconoce ', 93, 1, '09:27:37', '', '', '', 'Edwin', 994252639, 93, 34, '2022-06-30', '09:41:04', '2022-06-30', '17:31:51', 'Se actualizo', 93, NULL, 3),
(9, 8, '2022-06-30', 'Pasar pendientes ', 93, 1, '09:29:24', '', '', '', 'Edith ', 989439724, 93, 173, '2022-06-30', '09:58:49', '2022-06-30', '10:03:26', 'Paso su boleta 702', 93, NULL, 3),
(10, 9, '2022-06-30', 'Pasar una boleta pendiente ', 93, 1, '09:55:26', '', '', '', 'Betty', 971076106, 93, 41, '2022-06-30', '10:23:01', '2022-06-30', '10:24:28', 'Paso su boleta en establecimiento 287', 93, NULL, 3),
(11, 10, '2022-06-30', 'Hay varias en estado pendiente  Y cuando lo reenvío, sale error', 93, 1, '11:26:20', '', '', '', 'Cristian ', 916755506, 93, 51, '2022-06-30', '13:48:30', '2022-06-30', '13:48:37', 'Pasar pendientes ', 93, NULL, 3),
(12, 11, '2022-06-30', 'Añadir en pedido para seleccionar los siguientes datos:\r\n\r\nPalta rellena\r\nNachos con guacamole\r\nEnsalada de quinua\r\nMilanesa de pollo \r\nLomo saltado\r\nSpaghetti al pesto \r\nTrucha frita \r\nLimonada\r\nChicha morada\r\nAdemás mostrar en el retobar el vuelto ', 93, 1, '11:36:52', '', '', '', 'Jhony', 973887693, 93, 197, NULL, NULL, NULL, NULL, NULL, 93, NULL, 1),
(13, 12, '2022-06-30', 'Pasar todas la pendientes ', 93, 1, '12:20:38', '', '', '', 'Carlos', 986249870, 93, 96, '2022-06-30', '13:28:51', '2022-06-30', '13:29:02', 'Pasar pendientes ', 93, NULL, 3),
(14, 13, '2022-06-30', 'Verificar Cierre de caja ', 93, 1, '14:09:46', '', '', '', 'Maremyc ', 935180807, 93, 142, NULL, NULL, NULL, NULL, NULL, 93, NULL, 1),
(15, 14, '2022-06-30', 'Impresión mal por defecto  ', 93, 1, '15:03:54', '', '', '', 'Cecilia', 958381623, 93, 19, '2022-06-30', '15:24:55', '2022-06-30', '15:25:12', 'Se cambio de driver ', 93, NULL, 3),
(16, 15, '2022-06-30', 'Modificar el logo ', 93, 1, '15:07:05', '', '', '', 'Luis ', 960277716, 93, 157, '2022-06-30', '15:26:21', '2022-06-30', '15:32:48', 'Se modifico el logo\r\n', 93, NULL, 3),
(17, 16, '2022-06-30', 'porfavor eliminen esa venta mal ejecutada', 93, 1, '17:39:17', '', '', '', 'Alejo', 972368436, 93, 130, '2022-06-30', '17:41:04', '2022-06-30', '17:59:07', 'TRUNCATE table `credito_sunat`', 93, NULL, 3),
(18, 17, '2022-06-30', 'demo', 93, 1, '17:44:30', '', '', '', 'demo', 147258369, 93, 4, '2022-07-14', '10:11:36', '2022-07-14', '10:11:41', 'asdasd asd asd asd as ', 93, NULL, 3),
(19, 18, '2022-06-30', 'Eliminar una pendiente ', 93, 1, '18:07:15', '', '', '', 'TECMANÍA', 981503721, 93, 68, '2022-06-30', '18:08:36', '2022-06-30', '18:13:54', 'pasar pendiente \r\n', 93, NULL, 3),
(20, 19, '2022-07-01', 'desconfigurado una de las impresoras,\r\nLa comanda que debe salir en la ticketera de barra, está saliendo en la otra de las boletas', 93, 1, '09:32:48', '', '', '', 'Vagon', 966745901, 93, 84, '2022-07-01', '09:34:59', NULL, NULL, NULL, 93, NULL, 2),
(21, 20, '2022-07-01', 'Pasar boletas pendientes', 93, 1, '09:34:22', '', '', '', 'Gabriela ', 967850395, 93, 65, '2022-07-01', '10:37:42', NULL, NULL, NULL, 93, NULL, 2),
(22, 21, '2022-07-01', 'Buenos días envío las imágenes q me salen en el sistema su apoyo urgente necesitamos aperturar caja en nuestra tienda', 93, 1, '09:38:36', '', '', '', 'Gloria', 948231849, 93, 159, '2022-07-01', '10:24:14', '2022-07-01', '10:24:26', 'Abrir inventario\r\n', 93, NULL, 3),
(23, 22, '2022-07-01', 'Actualizar el sistema de Restobar con el último cambio realizado por Andrés.', 93, 1, '10:41:17', '', '', '', 'Jhony Zapata', 973887693, 93, 84, NULL, NULL, NULL, NULL, NULL, 93, NULL, 1),
(24, 23, '2022-07-01', 'Necesito su apoyo, no puedo abrir el inventatio', 93, 1, '10:47:41', '', '', '', 'Carlos', 923254594, 93, 92, NULL, NULL, NULL, NULL, NULL, 93, NULL, 1),
(25, 24, '2022-07-01', 'ETO ES UNA PRUEBA', 98, 1, '11:06:41', '', '', '', 'PRUEBA', 963258741, 93, 142, NULL, NULL, NULL, NULL, NULL, NULL, NULL, 1),
(26, 25, '2022-07-01', 'ASDASDASDAS DAS DAS DAS D', 96, 1, '11:07:13', '', '', '', 'DEMO', 987456321, 93, 142, NULL, NULL, NULL, NULL, NULL, NULL, NULL, 1);

-- --------------------------------------------------------

--
-- Estructura de tabla para la tabla `tipoafectacion_igv`
--

CREATE TABLE `tipoafectacion_igv` (
  `idafectacionigv` int(11) NOT NULL,
  `codigo_igv` int(11) NOT NULL,
  `descripcion` text NOT NULL,
  `codigotributo` varchar(50) NOT NULL,
  `estado` varchar(50) NOT NULL
) ENGINE=InnoDB DEFAULT CHARSET=latin1;

--
-- Volcado de datos para la tabla `tipoafectacion_igv`
--

INSERT INTO `tipoafectacion_igv` (`idafectacionigv`, `codigo_igv`, `descripcion`, `codigotributo`, `estado`) VALUES
(1, 10, 'Gravado - Operación Onerosa', '1000', '1'),
(2, 11, '[Gratuita] Gravado – Retiro por premio', '9996', '0'),
(3, 12, '[Gratuita] Gravado – Retiro por donación', '9996', '0'),
(4, 13, '[Gratuita] Gravado – Retiro ', '9996', '0'),
(5, 14, '[Gratuita] Gravado – Retiro por publicidad', '9996', '0'),
(6, 15, '[Gratuita] Gravado – Bonificaciones', '9996', '0'),
(7, 16, '[Gratuita] Gravado – Retiro por entrega a trabajadores', '9996', '0'),
(8, 17, 'Gravado - IVAP', '1016 o 9996', '0'),
(9, 20, 'Exonerado - Operación Onerosa', '9997', '1'),
(10, 21, 'Exonerado - Transferencia gratuita', '9996', '0'),
(11, 30, 'Inafecto - Operación Onerosa', '9998', '0'),
(12, 31, '[Gratuita] Inafecto – Retiro por Bonificación', '9996', '0'),
(13, 32, '[Gratuita] Inafecto – Retiro', '9996', '0'),
(14, 33, '[Gratuita] Inafecto – Retiro por Muestras Médicas', '9996', '0'),
(15, 34, '[Gratuita] Inafecto - Retiro por Convenio Colectivo', '9996', '0'),
(16, 35, '[Gratuita] Inafecto – Retiro por premio', '9996', '0'),
(17, 36, '[Gratuita] Inafecto - Retiro por publicidad', '9996', '0'),
(18, 37, 'Inafecto - Transferencia gratuita', '9996', '1'),
(19, 40, 'Exportación de Bienes o Servicios', '9995 o 9996', '0');

-- --------------------------------------------------------

--
-- Estructura de tabla para la tabla `tipo_documentos`
--

CREATE TABLE `tipo_documentos` (
  `idTipoDocumento` int(255) NOT NULL,
  `codigoDocumento` varchar(255) NOT NULL,
  `aliasTipoDoc` varchar(255) NOT NULL,
  `descripTipoDoc` varchar(255) NOT NULL,
  `estadoTipoDoc` varchar(50) NOT NULL
) ENGINE=InnoDB DEFAULT CHARSET=latin1;

--
-- Volcado de datos para la tabla `tipo_documentos`
--

INSERT INTO `tipo_documentos` (`idTipoDocumento`, `codigoDocumento`, `aliasTipoDoc`, `descripTipoDoc`, `estadoTipoDoc`) VALUES
(1, '1', 'DNI', 'DOCUMENTO NACIONAL DE IDENTIDAD', 'activo'),
(2, '6', 'RUC', 'REGISTRO UNICO DE CONTRIBUYENTES', 'activo');

-- --------------------------------------------------------

--
-- Estructura de tabla para la tabla `tirajes`
--

CREATE TABLE `tirajes` (
  `idTiraje` int(11) NOT NULL,
  `fechaResolucion` varchar(50) NOT NULL,
  `nroResolucion` varchar(50) DEFAULT NULL,
  `serie` varchar(50) NOT NULL,
  `desde` varchar(50) NOT NULL,
  `hasta` varchar(50) NOT NULL,
  `idComprobante` int(11) NOT NULL,
  `disponible` varchar(50) NOT NULL,
  `utilizados` varchar(20) DEFAULT '0',
  `idSucursal` int(11) NOT NULL,
  `estado` varchar(50) NOT NULL DEFAULT 'activo'
) ENGINE=InnoDB DEFAULT CHARSET=latin1;

--
-- Volcado de datos para la tabla `tirajes`
--

INSERT INTO `tirajes` (`idTiraje`, `fechaResolucion`, `nroResolucion`, `serie`, `desde`, `hasta`, `idComprobante`, `disponible`, `utilizados`, `idSucursal`, `estado`) VALUES
(6, '2020-10-12 10:56:11', '1214584575', 'BBB1', '1', '1000000', 1, '999899', '101', 5, 'activo'),
(7, '9-3-2022 12:17:32', '154154215424016', 'FFF1', '1', '1000000', 2, '999947', '53', 5, 'activo'),
(8, '9-3-2022 12:26:4', '20172811', 'TTK1', '1', '1000000', 3, '999902', '98', 5, 'activo');

-- --------------------------------------------------------

--
-- Estructura de tabla para la tabla `unidad_medida`
--

CREATE TABLE `unidad_medida` (
  `idUnidadMedida` int(11) NOT NULL,
  `codigo_unimed` varchar(20) NOT NULL,
  `descripcion_undmed` varchar(50) NOT NULL,
  `estado` varchar(20) NOT NULL DEFAULT 'activo'
) ENGINE=InnoDB DEFAULT CHARSET=latin1;

--
-- Volcado de datos para la tabla `unidad_medida`
--

INSERT INTO `unidad_medida` (`idUnidadMedida`, `codigo_unimed`, `descripcion_undmed`, `estado`) VALUES
(1, 'NIU', 'UNIDADES BIENES', 'activo'),
(2, 'ZZ', 'SERVICIOS', 'activo');

-- --------------------------------------------------------

--
-- Estructura de tabla para la tabla `usuarios`
--

CREATE TABLE `usuarios` (
  `idUsuario` int(255) NOT NULL,
  `nombre` varchar(100) NOT NULL,
  `apellido` varchar(255) NOT NULL,
  `idTipoDocumento` int(11) NOT NULL,
  `nroDocumento` varchar(255) NOT NULL,
  `celular` varchar(50) NOT NULL,
  `direccion` varchar(255) NOT NULL,
  `idRol` int(11) NOT NULL,
  `estado` varchar(50) NOT NULL DEFAULT 'activo',
  `email` varchar(255) NOT NULL,
  `contrasena` varchar(255) NOT NULL,
  `imagen` varchar(255) DEFAULT NULL,
  `idSucursal` int(11) DEFAULT NULL
) ENGINE=InnoDB DEFAULT CHARSET=latin1;

--
-- Volcado de datos para la tabla `usuarios`
--

INSERT INTO `usuarios` (`idUsuario`, `nombre`, `apellido`, `idTipoDocumento`, `nroDocumento`, `celular`, `direccion`, `idRol`, `estado`, `email`, `contrasena`, `imagen`, `idSucursal`) VALUES
(93, 'PROGRAMADOR', 'JR', 1, '00000000', '999999999', 'CALLE LAS PRUEBAS', 1, 'activo', 'adm_general@gmail.com', '$2y$10$iPs43Gtn0LUFqTCsLzC1Le1hAK6NTCiLtmMcoTNATh7qPUVick972', NULL, 5),
(94, 'YENIFER', 'PRUEBA', 1, '12345678', '987456321', 'CALLE LAS PRUEBAS', 2, 'activo', 'cajero@gmail.com', '$2y$10$jxZi.YDCdy6BVW6UKk435.kCl1NnDhGHP0djXZu9Bvgvk5K2Lk4e2', NULL, 5),
(95, 'ADAN', 'RESURRECION', 1, '87456321', '963258741', 'CALLE LAS PRUEBAS', 3, 'activo', 'soporte@gmail.com', '$2y$10$jtZp8IYbzH4GE.xlWl1Hl.x/R3ZjTU/UYE1OpvoamAk.8e/HC8qz2', NULL, 5),
(96, 'KARI', 'ZAPATA', 1, '85632147', '985632147', 'CALLE LAS PRUEBAS', 4, 'activo', 'adm_cobranza@gmail.com', '$2y$10$aU8wE9rItxsXuZxBtGuFAenVu0vcIA4.WQ3ne0G7lPORroq/8q8tS', NULL, 5),
(97, 'ALEXANDER', 'GAMARRA', 1, '16235478', '951362847', 'CALLE LAS PRUEBAS', 5, 'activo', 'adm_soporte@gmail.com', '$2y$10$vTcIls16kvQQfxcSWNESUOLjlDPCW5MqpgKZJX/OFS9fldBuVWh9W', NULL, 5),
(98, 'AYSBEL', 'PRUEBA', 1, '74125896', '963258741', 'CALLE LAS PRUEBAS', 6, 'activo', 'vendedor@gmail.com', '$2y$10$N8A7f641Xl8zNR9Oq4L87.LfGTGI2R6Nxe1mze6fmKXZa1XG5ZCo2', NULL, 5),
(99, 'FIORELLA', 'PRUEBA', 1, '96385470', '903652140', 'CALLE LAS PRUEBAS', 7, 'activo', 'adm_community@gmail.com', '$2y$10$UuCt6d/FeX.1AMVkVz9oNe2FChmsUsftN7mJY2Ly2qdk93/aPwNZy', NULL, 5),
(100, 'PRUEBA', 'GAMA', 1, '73213131', '987 456 321', 'CALLE LAS PRUEBAS ', 2, 'activo', 'admi@gmail.com', '$2y$10$gB4vqACLTA2G1YqbDXNv8ei.t0kXT1hFp3J4mLPKgvSgJflzMnXCq', NULL, 5),
(101, 'PRUEBA', 'GAMA', 1, '73213131', '987 456 321', 'CALLE LAS PRUEBAS ', 2, 'activo', 'pruebitas@gmail.com', '$2y$10$UoRoOobAi4LzH9bC1Jgys.kOGLN195TSZnly/uh36.xQojdeR6LQ6', NULL, 5),
(102, 'ROBERTO', 'CARLOS', 1, '73213131', '987 456 321 ', 'CALLE LOS CAJEROS 365', 2, 'activo', 'roberto@gmail.com', '$2y$10$fXr2AzMxAboYoHGmA0AaNeBYxU.lU2n0UN7p.0Ekk5szDnc9tpMVa', NULL, 5);

-- --------------------------------------------------------

--
-- Estructura de tabla para la tabla `usuarios_permisos`
--

CREATE TABLE `usuarios_permisos` (
  `idUsuarioPermiso` int(11) NOT NULL,
  `idUsuario` int(11) NOT NULL,
  `idPermiso` int(11) NOT NULL,
  `estado` varchar(50) NOT NULL DEFAULT 'activo'
) ENGINE=InnoDB DEFAULT CHARSET=latin1;

--
-- Volcado de datos para la tabla `usuarios_permisos`
--

INSERT INTO `usuarios_permisos` (`idUsuarioPermiso`, `idUsuario`, `idPermiso`, `estado`) VALUES
(391, 93, 1, 'activo'),
(392, 93, 2, 'activo'),
(393, 93, 3, 'activo'),
(394, 93, 4, 'activo'),
(395, 93, 5, 'activo'),
(396, 93, 6, 'activo'),
(397, 93, 7, 'activo'),
(398, 93, 8, 'activo'),
(399, 93, 9, 'activo'),
(400, 93, 10, 'activo'),
(401, 93, 11, 'activo'),
(402, 93, 12, 'activo'),
(403, 93, 13, 'activo'),
(404, 93, 14, 'activo'),
(405, 93, 15, 'activo'),
(406, 93, 16, 'activo'),
(407, 93, 17, 'activo'),
(408, 93, 18, 'activo'),
(409, 93, 19, 'activo'),
(410, 93, 20, 'activo'),
(411, 93, 21, 'activo'),
(412, 93, 22, 'activo'),
(413, 93, 23, 'activo'),
(414, 93, 24, 'activo'),
(415, 93, 25, 'activo'),
(416, 93, 26, 'activo'),
(417, 93, 27, 'activo'),
(418, 93, 28, 'activo'),
(419, 93, 29, 'activo'),
(420, 93, 30, 'activo'),
(421, 94, 1, 'inhabilitado'),
(422, 94, 2, 'inhabilitado'),
(423, 94, 3, 'inhabilitado'),
(424, 94, 4, 'activo'),
(425, 94, 5, 'inhabilitado'),
(426, 94, 6, 'inhabilitado'),
(427, 94, 7, 'inhabilitado'),
(428, 94, 8, 'inhabilitado'),
(429, 94, 9, 'inhabilitado'),
(430, 94, 10, 'activo'),
(431, 94, 11, 'activo'),
(432, 94, 12, 'activo'),
(433, 94, 13, 'activo'),
(434, 94, 14, 'activo'),
(435, 94, 15, 'inhabilitado'),
(436, 94, 16, 'inhabilitado'),
(437, 94, 17, 'inhabilitado'),
(438, 94, 18, 'inhabilitado'),
(439, 94, 19, 'inhabilitado'),
(440, 94, 20, 'inhabilitado'),
(441, 94, 21, 'inhabilitado'),
(442, 94, 22, 'inhabilitado'),
(443, 94, 23, 'inhabilitado'),
(444, 94, 24, 'inhabilitado'),
(445, 94, 25, 'inhabilitado'),
(446, 94, 26, 'inhabilitado'),
(447, 94, 27, 'inhabilitado'),
(448, 94, 28, 'inhabilitado'),
(449, 94, 29, 'inhabilitado'),
(450, 94, 30, 'activo'),
(451, 95, 1, 'inhabilitado'),
(452, 95, 2, 'inhabilitado'),
(453, 95, 3, 'inhabilitado'),
(454, 95, 4, 'inhabilitado'),
(455, 95, 5, 'inhabilitado'),
(456, 95, 6, 'inhabilitado'),
(457, 95, 7, 'inhabilitado'),
(458, 95, 8, 'inhabilitado'),
(459, 95, 9, 'inhabilitado'),
(460, 95, 10, 'inhabilitado'),
(461, 95, 11, 'inhabilitado'),
(462, 95, 12, 'inhabilitado'),
(463, 95, 13, 'inhabilitado'),
(464, 95, 14, 'inhabilitado'),
(465, 95, 15, 'inhabilitado'),
(466, 95, 16, 'inhabilitado'),
(467, 95, 17, 'inhabilitado'),
(468, 95, 18, 'inhabilitado'),
(469, 95, 19, 'inhabilitado'),
(470, 95, 20, 'inhabilitado'),
(471, 95, 21, 'inhabilitado'),
(472, 95, 22, 'activo'),
(473, 95, 23, 'activo'),
(474, 95, 24, 'activo'),
(475, 95, 25, 'inhabilitado'),
(476, 95, 26, 'inhabilitado'),
(477, 95, 27, 'activo'),
(478, 95, 28, 'inhabilitado'),
(479, 95, 29, 'inhabilitado'),
(480, 95, 30, 'inhabilitado'),
(481, 96, 1, 'inhabilitado'),
(482, 96, 2, 'activo'),
(483, 96, 3, 'inhabilitado'),
(484, 96, 4, 'activo'),
(485, 96, 5, 'activo'),
(486, 96, 6, 'activo'),
(487, 96, 7, 'activo'),
(488, 96, 8, 'activo'),
(489, 96, 9, 'activo'),
(490, 96, 10, 'activo'),
(491, 96, 11, 'activo'),
(492, 96, 12, 'activo'),
(493, 96, 13, 'activo'),
(494, 96, 14, 'activo'),
(495, 96, 15, 'activo'),
(496, 96, 16, 'activo'),
(497, 96, 17, 'inhabilitado'),
(498, 96, 18, 'inhabilitado'),
(499, 96, 19, 'inhabilitado'),
(500, 96, 20, 'inhabilitado'),
(501, 96, 21, 'inhabilitado'),
(502, 96, 22, 'inhabilitado'),
(503, 96, 23, 'inhabilitado'),
(504, 96, 24, 'inhabilitado'),
(505, 96, 25, 'inhabilitado'),
(506, 96, 26, 'inhabilitado'),
(507, 96, 27, 'inhabilitado'),
(508, 96, 28, 'activo'),
(509, 96, 29, 'activo'),
(510, 96, 30, 'activo'),
(511, 97, 1, 'activo'),
(512, 97, 2, 'inhabilitado'),
(513, 97, 3, 'inhabilitado'),
(514, 97, 4, 'activo'),
(515, 97, 5, 'activo'),
(516, 97, 6, 'activo'),
(517, 97, 7, 'activo'),
(518, 97, 8, 'activo'),
(519, 97, 9, 'activo'),
(520, 97, 10, 'inhabilitado'),
(521, 97, 11, 'inhabilitado'),
(522, 97, 12, 'inhabilitado'),
(523, 97, 13, 'inhabilitado'),
(524, 97, 14, 'inhabilitado'),
(525, 97, 15, 'inhabilitado'),
(526, 97, 16, 'inhabilitado'),
(527, 97, 17, 'inhabilitado'),
(528, 97, 18, 'inhabilitado'),
(529, 97, 19, 'inhabilitado'),
(530, 97, 20, 'inhabilitado'),
(531, 97, 21, 'inhabilitado'),
(532, 97, 22, 'activo'),
(533, 97, 23, 'activo'),
(534, 97, 24, 'activo'),
(535, 97, 25, 'inhabilitado'),
(536, 97, 26, 'inhabilitado'),
(537, 97, 27, 'activo'),
(538, 97, 28, 'inhabilitado'),
(539, 97, 29, 'inhabilitado'),
(540, 97, 30, 'activo'),
(541, 98, 1, 'inhabilitado'),
(542, 98, 2, 'inhabilitado'),
(543, 98, 3, 'inhabilitado'),
(544, 98, 4, 'activo'),
(545, 98, 5, 'inhabilitado'),
(546, 98, 6, 'inhabilitado'),
(547, 98, 7, 'inhabilitado'),
(548, 98, 8, 'inhabilitado'),
(549, 98, 9, 'inhabilitado'),
(550, 98, 10, 'inhabilitado'),
(551, 98, 11, 'inhabilitado'),
(552, 98, 12, 'activo'),
(553, 98, 13, 'inhabilitado'),
(554, 98, 14, 'activo'),
(555, 98, 15, 'inhabilitado'),
(556, 98, 16, 'inhabilitado'),
(557, 98, 17, 'inhabilitado'),
(558, 98, 18, 'inhabilitado'),
(559, 98, 19, 'inhabilitado'),
(560, 98, 20, 'inhabilitado'),
(561, 98, 21, 'inhabilitado'),
(562, 98, 22, 'inhabilitado'),
(563, 98, 23, 'inhabilitado'),
(564, 98, 24, 'inhabilitado'),
(565, 98, 25, 'activo'),
(566, 98, 26, 'activo'),
(567, 98, 27, 'inhabilitado'),
(568, 98, 28, 'activo'),
(569, 98, 29, 'activo'),
(570, 98, 30, 'inhabilitado'),
(571, 99, 1, 'inhabilitado'),
(572, 99, 2, 'inhabilitado'),
(573, 99, 3, 'activo'),
(574, 99, 4, 'activo'),
(575, 99, 5, 'inhabilitado'),
(576, 99, 6, 'inhabilitado'),
(577, 99, 7, 'inhabilitado'),
(578, 99, 8, 'inhabilitado'),
(579, 99, 9, 'inhabilitado'),
(580, 99, 10, 'inhabilitado'),
(581, 99, 11, 'inhabilitado'),
(582, 99, 12, 'inhabilitado'),
(583, 99, 13, 'inhabilitado'),
(584, 99, 14, 'inhabilitado'),
(585, 99, 15, 'inhabilitado'),
(586, 99, 16, 'inhabilitado'),
(587, 99, 17, 'inhabilitado'),
(588, 99, 18, 'inhabilitado'),
(589, 99, 19, 'inhabilitado'),
(590, 99, 20, 'inhabilitado'),
(591, 99, 21, 'inhabilitado'),
(592, 99, 22, 'inhabilitado'),
(593, 99, 23, 'inhabilitado'),
(594, 99, 24, 'inhabilitado'),
(595, 99, 25, 'activo'),
(596, 99, 26, 'activo'),
(597, 99, 27, 'inhabilitado'),
(598, 99, 28, 'activo'),
(599, 99, 29, 'activo'),
(600, 99, 30, 'inhabilitado'),
(601, 100, 1, 'inhabilitado'),
(602, 100, 2, 'inhabilitado'),
(603, 100, 3, 'inhabilitado'),
(604, 100, 4, 'activo'),
(605, 100, 5, 'inhabilitado'),
(606, 100, 6, 'inhabilitado'),
(607, 100, 7, 'inhabilitado'),
(608, 100, 8, 'inhabilitado'),
(609, 100, 9, 'inhabilitado'),
(610, 100, 10, 'activo'),
(611, 100, 11, 'activo'),
(612, 100, 12, 'activo'),
(613, 100, 13, 'activo'),
(614, 100, 14, 'activo'),
(615, 100, 15, 'inhabilitado'),
(616, 100, 16, 'inhabilitado'),
(617, 100, 17, 'inhabilitado'),
(618, 100, 18, 'inhabilitado'),
(619, 100, 19, 'inhabilitado'),
(620, 100, 20, 'inhabilitado'),
(621, 100, 21, 'inhabilitado'),
(622, 100, 22, 'inhabilitado'),
(623, 100, 23, 'inhabilitado'),
(624, 100, 24, 'inhabilitado'),
(625, 100, 25, 'inhabilitado'),
(626, 100, 26, 'inhabilitado'),
(627, 100, 27, 'inhabilitado'),
(628, 100, 28, 'inhabilitado'),
(629, 100, 29, 'inhabilitado'),
(630, 100, 30, 'activo'),
(631, 102, 1, 'inhabilitado'),
(632, 102, 2, 'inhabilitado'),
(633, 102, 3, 'inhabilitado'),
(634, 102, 4, 'activo'),
(635, 102, 5, 'inhabilitado'),
(636, 102, 6, 'inhabilitado'),
(637, 102, 7, 'inhabilitado'),
(638, 102, 8, 'inhabilitado'),
(639, 102, 9, 'inhabilitado'),
(640, 102, 10, 'activo'),
(641, 102, 11, 'activo'),
(642, 102, 12, 'activo'),
(643, 102, 13, 'activo'),
(644, 102, 14, 'activo'),
(645, 102, 15, 'inhabilitado'),
(646, 102, 16, 'inhabilitado'),
(647, 102, 17, 'inhabilitado'),
(648, 102, 18, 'inhabilitado'),
(649, 102, 19, 'inhabilitado'),
(650, 102, 20, 'inhabilitado'),
(651, 102, 21, 'inhabilitado'),
(652, 102, 22, 'inhabilitado'),
(653, 102, 23, 'inhabilitado'),
(654, 102, 24, 'inhabilitado'),
(655, 102, 25, 'inhabilitado'),
(656, 102, 26, 'inhabilitado'),
(657, 102, 27, 'inhabilitado'),
(658, 102, 28, 'inhabilitado'),
(659, 102, 29, 'inhabilitado'),
(660, 102, 30, 'activo');

--
-- Índices para tablas volcadas
--

--
-- Indices de la tabla `agendar_instalaciones`
--
ALTER TABLE `agendar_instalaciones`
  ADD PRIMARY KEY (`id`);

--
-- Indices de la tabla `cajas`
--
ALTER TABLE `cajas`
  ADD PRIMARY KEY (`idCaja`),
  ADD KEY `idUsuario` (`idUsuario`),
  ADD KEY `idSucursal` (`idSucursal`);

--
-- Indices de la tabla `caja_movimiento`
--
ALTER TABLE `caja_movimiento`
  ADD PRIMARY KEY (`idCajaMovimiento`),
  ADD KEY `idCaja` (`idCaja`);

--
-- Indices de la tabla `cierreventadetalle`
--
ALTER TABLE `cierreventadetalle`
  ADD PRIMARY KEY (`idCierreVenta`);

--
-- Indices de la tabla `clientes`
--
ALTER TABLE `clientes`
  ADD PRIMARY KEY (`idCliente`),
  ADD KEY `idDepartamento` (`idDepartamento`),
  ADD KEY `idProvincia` (`idProvincia`),
  ADD KEY `idDistrito` (`idDistrito`),
  ADD KEY `idTipoDocumento` (`idTipoDocumento`);

--
-- Indices de la tabla `clientes_servicios`
--
ALTER TABLE `clientes_servicios`
  ADD PRIMARY KEY (`idClienteServicio`),
  ADD KEY `idServicio` (`idServicio`),
  ADD KEY `idCliente` (`idCliente`),
  ADD KEY `idUsuario` (`idUsuario`),
  ADD KEY `idafectacionigv` (`idafectacionigv`);

--
-- Indices de la tabla `comprobantes`
--
ALTER TABLE `comprobantes`
  ADD PRIMARY KEY (`idComprobante`);

--
-- Indices de la tabla `currency`
--
ALTER TABLE `currency`
  ADD PRIMARY KEY (`idcurrency`);

--
-- Indices de la tabla `datos_empresa`
--
ALTER TABLE `datos_empresa`
  ADD PRIMARY KEY (`idDatosEmpresa`),
  ADD KEY `idcurrency` (`idcurrency`);

--
-- Indices de la tabla `departamentos`
--
ALTER TABLE `departamentos`
  ADD PRIMARY KEY (`idDepartamento`);

--
-- Indices de la tabla `detalle_pensiones`
--
ALTER TABLE `detalle_pensiones`
  ADD PRIMARY KEY (`idDetallePensiones`),
  ADD KEY `idClienteServicio` (`idClienteServicio`),
  ADD KEY `idUsuario` (`idUsuario`),
  ADD KEY `idSucursal` (`idSucursal`),
  ADD KEY `idafectacionigv` (`idafectacionigv`);

--
-- Indices de la tabla `distritos`
--
ALTER TABLE `distritos`
  ADD PRIMARY KEY (`idDistrito`);

--
-- Indices de la tabla `equipos`
--
ALTER TABLE `equipos`
  ADD PRIMARY KEY (`id`);

--
-- Indices de la tabla `estados`
--
ALTER TABLE `estados`
  ADD PRIMARY KEY (`idEstado`);

--
-- Indices de la tabla `pagos_anulados`
--
ALTER TABLE `pagos_anulados`
  ADD PRIMARY KEY (`id`);

--
-- Indices de la tabla `pautas`
--
ALTER TABLE `pautas`
  ADD PRIMARY KEY (`id`);

--
-- Indices de la tabla `permisos`
--
ALTER TABLE `permisos`
  ADD PRIMARY KEY (`idPermiso`);

--
-- Indices de la tabla `procesos`
--
ALTER TABLE `procesos`
  ADD PRIMARY KEY (`idProceso`);

--
-- Indices de la tabla `provincias`
--
ALTER TABLE `provincias`
  ADD PRIMARY KEY (`idProvincia`);

--
-- Indices de la tabla `roles`
--
ALTER TABLE `roles`
  ADD PRIMARY KEY (`idRol`);

--
-- Indices de la tabla `servicios`
--
ALTER TABLE `servicios`
  ADD PRIMARY KEY (`idServicio`),
  ADD KEY `idServProveedores` (`idServProveedores`),
  ADD KEY `idServCategoria` (`idServCategoria`),
  ADD KEY `idUnidadMedida` (`idUnidadMedida`);

--
-- Indices de la tabla `serv_categorias`
--
ALTER TABLE `serv_categorias`
  ADD PRIMARY KEY (`idServCategoria`);

--
-- Indices de la tabla `serv_proveedores`
--
ALTER TABLE `serv_proveedores`
  ADD PRIMARY KEY (`idServProveedores`),
  ADD KEY `idTipoDocumento` (`idTipoDocumento`);

--
-- Indices de la tabla `sistemas`
--
ALTER TABLE `sistemas`
  ADD PRIMARY KEY (`id`);

--
-- Indices de la tabla `solicitudesinformacion`
--
ALTER TABLE `solicitudesinformacion`
  ADD PRIMARY KEY (`idSolicitud`);

--
-- Indices de la tabla `sucursales`
--
ALTER TABLE `sucursales`
  ADD PRIMARY KEY (`idSucursal`),
  ADD KEY `idDatosEmpresa` (`idDatosEmpresa`);

--
-- Indices de la tabla `tickets_soporte`
--
ALTER TABLE `tickets_soporte`
  ADD PRIMARY KEY (`idTicket`),
  ADD KEY `idUsuarioRegistra` (`idUsuarioRegistra`),
  ADD KEY `idProceso` (`idProceso`),
  ADD KEY `idCliente` (`idCliente`),
  ADD KEY `idEstado` (`idEstado`),
  ADD KEY `idUsuarioRealiza` (`idUsuarioRealiza`),
  ADD KEY `idClienteServicio` (`idClienteServicio`),
  ADD KEY `idResponsable` (`idResponsable`);

--
-- Indices de la tabla `tipoafectacion_igv`
--
ALTER TABLE `tipoafectacion_igv`
  ADD PRIMARY KEY (`idafectacionigv`);

--
-- Indices de la tabla `tipo_documentos`
--
ALTER TABLE `tipo_documentos`
  ADD PRIMARY KEY (`idTipoDocumento`);

--
-- Indices de la tabla `tirajes`
--
ALTER TABLE `tirajes`
  ADD PRIMARY KEY (`idTiraje`),
  ADD KEY `idSucursal` (`idSucursal`),
  ADD KEY `idComprobante` (`idComprobante`);

--
-- Indices de la tabla `unidad_medida`
--
ALTER TABLE `unidad_medida`
  ADD PRIMARY KEY (`idUnidadMedida`);

--
-- Indices de la tabla `usuarios`
--
ALTER TABLE `usuarios`
  ADD PRIMARY KEY (`idUsuario`),
  ADD UNIQUE KEY `email` (`email`),
  ADD KEY `idTipoDocumento` (`idTipoDocumento`),
  ADD KEY `idRol` (`idRol`),
  ADD KEY `idSucursal` (`idSucursal`);

--
-- Indices de la tabla `usuarios_permisos`
--
ALTER TABLE `usuarios_permisos`
  ADD PRIMARY KEY (`idUsuarioPermiso`),
  ADD KEY `idUsuario` (`idUsuario`),
  ADD KEY `idPermiso` (`idPermiso`);

--
-- AUTO_INCREMENT de las tablas volcadas
--

--
-- AUTO_INCREMENT de la tabla `agendar_instalaciones`
--
ALTER TABLE `agendar_instalaciones`
  MODIFY `id` int(11) NOT NULL AUTO_INCREMENT, AUTO_INCREMENT=11;

--
-- AUTO_INCREMENT de la tabla `cajas`
--
ALTER TABLE `cajas`
  MODIFY `idCaja` int(255) NOT NULL AUTO_INCREMENT, AUTO_INCREMENT=5;

--
-- AUTO_INCREMENT de la tabla `caja_movimiento`
--
ALTER TABLE `caja_movimiento`
  MODIFY `idCajaMovimiento` int(255) NOT NULL AUTO_INCREMENT, AUTO_INCREMENT=21;

--
-- AUTO_INCREMENT de la tabla `cierreventadetalle`
--
ALTER TABLE `cierreventadetalle`
  MODIFY `idCierreVenta` int(11) NOT NULL AUTO_INCREMENT;

--
-- AUTO_INCREMENT de la tabla `clientes`
--
ALTER TABLE `clientes`
  MODIFY `idCliente` int(11) NOT NULL AUTO_INCREMENT, AUTO_INCREMENT=205;

--
-- AUTO_INCREMENT de la tabla `clientes_servicios`
--
ALTER TABLE `clientes_servicios`
  MODIFY `idClienteServicio` int(11) NOT NULL AUTO_INCREMENT, AUTO_INCREMENT=4;

--
-- AUTO_INCREMENT de la tabla `comprobantes`
--
ALTER TABLE `comprobantes`
  MODIFY `idComprobante` int(11) NOT NULL AUTO_INCREMENT, AUTO_INCREMENT=4;

--
-- AUTO_INCREMENT de la tabla `currency`
--
ALTER TABLE `currency`
  MODIFY `idcurrency` int(11) NOT NULL AUTO_INCREMENT, AUTO_INCREMENT=8;

--
-- AUTO_INCREMENT de la tabla `datos_empresa`
--
ALTER TABLE `datos_empresa`
  MODIFY `idDatosEmpresa` int(255) NOT NULL AUTO_INCREMENT, AUTO_INCREMENT=2;

--
-- AUTO_INCREMENT de la tabla `departamentos`
--
ALTER TABLE `departamentos`
  MODIFY `idDepartamento` int(11) NOT NULL AUTO_INCREMENT, AUTO_INCREMENT=26;

--
-- AUTO_INCREMENT de la tabla `detalle_pensiones`
--
ALTER TABLE `detalle_pensiones`
  MODIFY `idDetallePensiones` int(11) NOT NULL AUTO_INCREMENT, AUTO_INCREMENT=37;

--
-- AUTO_INCREMENT de la tabla `distritos`
--
ALTER TABLE `distritos`
  MODIFY `idDistrito` int(11) NOT NULL AUTO_INCREMENT, AUTO_INCREMENT=250402;

--
-- AUTO_INCREMENT de la tabla `equipos`
--
ALTER TABLE `equipos`
  MODIFY `id` int(11) NOT NULL AUTO_INCREMENT, AUTO_INCREMENT=4;

--
-- AUTO_INCREMENT de la tabla `estados`
--
ALTER TABLE `estados`
  MODIFY `idEstado` int(11) NOT NULL AUTO_INCREMENT, AUTO_INCREMENT=5;

--
-- AUTO_INCREMENT de la tabla `pagos_anulados`
--
ALTER TABLE `pagos_anulados`
  MODIFY `id` int(11) NOT NULL AUTO_INCREMENT, AUTO_INCREMENT=6;

--
-- AUTO_INCREMENT de la tabla `pautas`
--
ALTER TABLE `pautas`
  MODIFY `id` int(11) NOT NULL AUTO_INCREMENT, AUTO_INCREMENT=4;

--
-- AUTO_INCREMENT de la tabla `permisos`
--
ALTER TABLE `permisos`
  MODIFY `idPermiso` int(255) NOT NULL AUTO_INCREMENT, AUTO_INCREMENT=31;

--
-- AUTO_INCREMENT de la tabla `procesos`
--
ALTER TABLE `procesos`
  MODIFY `idProceso` int(11) NOT NULL AUTO_INCREMENT, AUTO_INCREMENT=6;

--
-- AUTO_INCREMENT de la tabla `provincias`
--
ALTER TABLE `provincias`
  MODIFY `idProvincia` int(11) NOT NULL AUTO_INCREMENT, AUTO_INCREMENT=2505;

--
-- AUTO_INCREMENT de la tabla `roles`
--
ALTER TABLE `roles`
  MODIFY `idRol` int(255) NOT NULL AUTO_INCREMENT, AUTO_INCREMENT=8;

--
-- AUTO_INCREMENT de la tabla `servicios`
--
ALTER TABLE `servicios`
  MODIFY `idServicio` int(11) NOT NULL AUTO_INCREMENT, AUTO_INCREMENT=5;

--
-- AUTO_INCREMENT de la tabla `serv_categorias`
--
ALTER TABLE `serv_categorias`
  MODIFY `idServCategoria` int(255) NOT NULL AUTO_INCREMENT, AUTO_INCREMENT=2;

--
-- AUTO_INCREMENT de la tabla `serv_proveedores`
--
ALTER TABLE `serv_proveedores`
  MODIFY `idServProveedores` int(11) NOT NULL AUTO_INCREMENT, AUTO_INCREMENT=2;

--
-- AUTO_INCREMENT de la tabla `sistemas`
--
ALTER TABLE `sistemas`
  MODIFY `id` int(255) NOT NULL AUTO_INCREMENT, AUTO_INCREMENT=4;

--
-- AUTO_INCREMENT de la tabla `solicitudesinformacion`
--
ALTER TABLE `solicitudesinformacion`
  MODIFY `idSolicitud` int(11) NOT NULL AUTO_INCREMENT, AUTO_INCREMENT=11;

--
-- AUTO_INCREMENT de la tabla `sucursales`
--
ALTER TABLE `sucursales`
  MODIFY `idSucursal` int(255) NOT NULL AUTO_INCREMENT, AUTO_INCREMENT=6;

--
-- AUTO_INCREMENT de la tabla `tickets_soporte`
--
ALTER TABLE `tickets_soporte`
  MODIFY `idTicket` int(11) NOT NULL AUTO_INCREMENT, AUTO_INCREMENT=27;

--
-- AUTO_INCREMENT de la tabla `tipoafectacion_igv`
--
ALTER TABLE `tipoafectacion_igv`
  MODIFY `idafectacionigv` int(11) NOT NULL AUTO_INCREMENT, AUTO_INCREMENT=20;

--
-- AUTO_INCREMENT de la tabla `tipo_documentos`
--
ALTER TABLE `tipo_documentos`
  MODIFY `idTipoDocumento` int(255) NOT NULL AUTO_INCREMENT, AUTO_INCREMENT=3;

--
-- AUTO_INCREMENT de la tabla `tirajes`
--
ALTER TABLE `tirajes`
  MODIFY `idTiraje` int(11) NOT NULL AUTO_INCREMENT, AUTO_INCREMENT=9;

--
-- AUTO_INCREMENT de la tabla `unidad_medida`
--
ALTER TABLE `unidad_medida`
  MODIFY `idUnidadMedida` int(11) NOT NULL AUTO_INCREMENT, AUTO_INCREMENT=3;

--
-- AUTO_INCREMENT de la tabla `usuarios`
--
ALTER TABLE `usuarios`
  MODIFY `idUsuario` int(255) NOT NULL AUTO_INCREMENT, AUTO_INCREMENT=103;

--
-- AUTO_INCREMENT de la tabla `usuarios_permisos`
--
ALTER TABLE `usuarios_permisos`
  MODIFY `idUsuarioPermiso` int(11) NOT NULL AUTO_INCREMENT, AUTO_INCREMENT=661;

--
-- Restricciones para tablas volcadas
--

--
-- Filtros para la tabla `cajas`
--
ALTER TABLE `cajas`
  ADD CONSTRAINT `cajas_ibfk_1` FOREIGN KEY (`idUsuario`) REFERENCES `usuarios` (`idUsuario`),
  ADD CONSTRAINT `cajas_ibfk_2` FOREIGN KEY (`idSucursal`) REFERENCES `sucursales` (`idSucursal`);

--
-- Filtros para la tabla `caja_movimiento`
--
ALTER TABLE `caja_movimiento`
  ADD CONSTRAINT `caja_movimiento_ibfk_1` FOREIGN KEY (`idCaja`) REFERENCES `cajas` (`idCaja`);

--
-- Filtros para la tabla `clientes`
--
ALTER TABLE `clientes`
  ADD CONSTRAINT `clientes_ibfk_1` FOREIGN KEY (`idDepartamento`) REFERENCES `departamentos` (`idDepartamento`),
  ADD CONSTRAINT `clientes_ibfk_2` FOREIGN KEY (`idProvincia`) REFERENCES `provincias` (`idProvincia`),
  ADD CONSTRAINT `clientes_ibfk_3` FOREIGN KEY (`idDistrito`) REFERENCES `distritos` (`idDistrito`),
  ADD CONSTRAINT `clientes_ibfk_4` FOREIGN KEY (`idTipoDocumento`) REFERENCES `tipo_documentos` (`idTipoDocumento`);

--
-- Filtros para la tabla `clientes_servicios`
--
ALTER TABLE `clientes_servicios`
  ADD CONSTRAINT `clientes_servicios_ibfk_1` FOREIGN KEY (`idServicio`) REFERENCES `servicios` (`idServicio`),
  ADD CONSTRAINT `clientes_servicios_ibfk_2` FOREIGN KEY (`idCliente`) REFERENCES `clientes` (`idCliente`),
  ADD CONSTRAINT `clientes_servicios_ibfk_3` FOREIGN KEY (`idUsuario`) REFERENCES `usuarios` (`idUsuario`),
  ADD CONSTRAINT `clientes_servicios_ibfk_4` FOREIGN KEY (`idafectacionigv`) REFERENCES `tipoafectacion_igv` (`idafectacionigv`);

--
-- Filtros para la tabla `datos_empresa`
--
ALTER TABLE `datos_empresa`
  ADD CONSTRAINT `datos_empresa_ibfk_1` FOREIGN KEY (`idcurrency`) REFERENCES `currency` (`idcurrency`);

--
-- Filtros para la tabla `detalle_pensiones`
--
ALTER TABLE `detalle_pensiones`
  ADD CONSTRAINT `detalle_pensiones_ibfk_1` FOREIGN KEY (`idClienteServicio`) REFERENCES `clientes_servicios` (`idClienteServicio`),
  ADD CONSTRAINT `detalle_pensiones_ibfk_2` FOREIGN KEY (`idUsuario`) REFERENCES `usuarios` (`idUsuario`),
  ADD CONSTRAINT `detalle_pensiones_ibfk_3` FOREIGN KEY (`idSucursal`) REFERENCES `sucursales` (`idSucursal`),
  ADD CONSTRAINT `detalle_pensiones_ibfk_4` FOREIGN KEY (`idafectacionigv`) REFERENCES `tipoafectacion_igv` (`idafectacionigv`);

--
-- Filtros para la tabla `servicios`
--
ALTER TABLE `servicios`
  ADD CONSTRAINT `servicios_ibfk_1` FOREIGN KEY (`idServProveedores`) REFERENCES `serv_proveedores` (`idServProveedores`),
  ADD CONSTRAINT `servicios_ibfk_2` FOREIGN KEY (`idServCategoria`) REFERENCES `serv_categorias` (`idServCategoria`),
  ADD CONSTRAINT `servicios_ibfk_3` FOREIGN KEY (`idUnidadMedida`) REFERENCES `unidad_medida` (`idUnidadMedida`);

--
-- Filtros para la tabla `serv_proveedores`
--
ALTER TABLE `serv_proveedores`
  ADD CONSTRAINT `serv_proveedores_ibfk_1` FOREIGN KEY (`idTipoDocumento`) REFERENCES `tipo_documentos` (`idTipoDocumento`);

--
-- Filtros para la tabla `sucursales`
--
ALTER TABLE `sucursales`
  ADD CONSTRAINT `sucursales_ibfk_1` FOREIGN KEY (`idDatosEmpresa`) REFERENCES `datos_empresa` (`idDatosEmpresa`);

--
-- Filtros para la tabla `tickets_soporte`
--
ALTER TABLE `tickets_soporte`
  ADD CONSTRAINT `tickets_soporte_ibfk_1` FOREIGN KEY (`idUsuarioRegistra`) REFERENCES `usuarios` (`idUsuario`),
  ADD CONSTRAINT `tickets_soporte_ibfk_2` FOREIGN KEY (`idProceso`) REFERENCES `procesos` (`idProceso`),
  ADD CONSTRAINT `tickets_soporte_ibfk_3` FOREIGN KEY (`idCliente`) REFERENCES `clientes` (`idCliente`),
  ADD CONSTRAINT `tickets_soporte_ibfk_4` FOREIGN KEY (`idEstado`) REFERENCES `estados` (`idEstado`),
  ADD CONSTRAINT `tickets_soporte_ibfk_5` FOREIGN KEY (`idUsuarioRealiza`) REFERENCES `usuarios` (`idUsuario`),
  ADD CONSTRAINT `tickets_soporte_ibfk_6` FOREIGN KEY (`idClienteServicio`) REFERENCES `clientes_servicios` (`idClienteServicio`),
  ADD CONSTRAINT `tickets_soporte_ibfk_7` FOREIGN KEY (`idResponsable`) REFERENCES `usuarios` (`idUsuario`);

--
-- Filtros para la tabla `tirajes`
--
ALTER TABLE `tirajes`
  ADD CONSTRAINT `tirajes_ibfk_1` FOREIGN KEY (`idSucursal`) REFERENCES `sucursales` (`idSucursal`),
  ADD CONSTRAINT `tirajes_ibfk_2` FOREIGN KEY (`idComprobante`) REFERENCES `comprobantes` (`idComprobante`);

--
-- Filtros para la tabla `usuarios`
--
ALTER TABLE `usuarios`
  ADD CONSTRAINT `usuarios_ibfk_1` FOREIGN KEY (`idTipoDocumento`) REFERENCES `tipo_documentos` (`idTipoDocumento`),
  ADD CONSTRAINT `usuarios_ibfk_2` FOREIGN KEY (`idRol`) REFERENCES `roles` (`idRol`),
  ADD CONSTRAINT `usuarios_ibfk_3` FOREIGN KEY (`idSucursal`) REFERENCES `sucursales` (`idSucursal`);

--
-- Filtros para la tabla `usuarios_permisos`
--
ALTER TABLE `usuarios_permisos`
  ADD CONSTRAINT `usuarios_permisos_ibfk_1` FOREIGN KEY (`idUsuario`) REFERENCES `usuarios` (`idUsuario`),
  ADD CONSTRAINT `usuarios_permisos_ibfk_2` FOREIGN KEY (`idPermiso`) REFERENCES `permisos` (`idPermiso`);
COMMIT;

/*!40101 SET CHARACTER_SET_CLIENT=@OLD_CHARACTER_SET_CLIENT */;
/*!40101 SET CHARACTER_SET_RESULTS=@OLD_CHARACTER_SET_RESULTS */;
/*!40101 SET COLLATION_CONNECTION=@OLD_COLLATION_CONNECTION */;
